"id_station","val","param","level","sublevel","date_run","date_ech"
"aytre",7.32983046025038,"fg10","heightAboveGround",NA,2025-05-05 18:00:00,2025-05-06
"saint_trojan",8.83100509643555,"fg10","heightAboveGround",NA,2025-05-05 18:00:00,2025-05-06
"hossegor",6.42463350296021,"fg10","heightAboveGround",NA,2025-05-05 18:00:00,2025-05-06
"aytre",284.854187011719,"mx2t3","heightAboveGround",NA,2025-05-05 18:00:00,2025-05-06
"saint_trojan",285.957214355469,"mx2t3","heightAboveGround",NA,2025-05-05 18:00:00,2025-05-06
"hossegor",286.278015136719,"mx2t3","heightAboveGround",NA,2025-05-05 18:00:00,2025-05-06
"aytre",283.149993896484,"mn2t3","heightAboveGround",NA,2025-05-05 18:00:00,2025-05-06
"saint_trojan",284.795989990234,"mn2t3","heightAboveGround",NA,2025-05-05 18:00:00,2025-05-06
"hossegor",284.056732177734,"mn2t3","heightAboveGround",NA,2025-05-05 18:00:00,2025-05-06
"aytre",-2.74221801757812,"u100","heightAboveGround",NA,2025-05-05 18:00:00,2025-05-06
"saint_trojan",-4.08639526367188,"u100","heightAboveGround",NA,2025-05-05 18:00:00,2025-05-06
"hossegor",3.59280395507812,"u100","heightAboveGround",NA,2025-05-05 18:00:00,2025-05-06
"aytre",-6.46730041503906,"v100","heightAboveGround",NA,2025-05-05 18:00:00,2025-05-06
"saint_trojan",-6.04801940917969,"v100","heightAboveGround",NA,2025-05-05 18:00:00,2025-05-06
"hossegor",-3.91535949707031,"v100","heightAboveGround",NA,2025-05-05 18:00:00,2025-05-06
"aytre",-1.50042724609375,"u10","heightAboveGround",NA,2025-05-05 18:00:00,2025-05-06
"saint_trojan",-3.11004638671875,"u10","heightAboveGround",NA,2025-05-05 18:00:00,2025-05-06
"hossegor",2.43389892578125,"u10","heightAboveGround",NA,2025-05-05 18:00:00,2025-05-06
"aytre",-4.141357421875,"v10","heightAboveGround",NA,2025-05-05 18:00:00,2025-05-06
"saint_trojan",-4.678466796875,"v10","heightAboveGround",NA,2025-05-05 18:00:00,2025-05-06
"hossegor",-2.818359375,"v10","heightAboveGround",NA,2025-05-05 18:00:00,2025-05-06
"aytre",283.102661132812,"t2m","heightAboveGround",NA,2025-05-05 18:00:00,2025-05-06
"saint_trojan",284.775512695312,"t2m","heightAboveGround",NA,2025-05-05 18:00:00,2025-05-06
"hossegor",284.198364257812,"t2m","heightAboveGround",NA,2025-05-05 18:00:00,2025-05-06
"aytre",278.079711914062,"d2m","heightAboveGround",NA,2025-05-05 18:00:00,2025-05-06
"saint_trojan",279.051879882812,"d2m","heightAboveGround",NA,2025-05-05 18:00:00,2025-05-06
"hossegor",281.154418945312,"d2m","heightAboveGround",NA,2025-05-05 18:00:00,2025-05-06
"aytre",101741.625,"msl","meanSea",NA,2025-05-05 18:00:00,2025-05-06
"saint_trojan",101722.3125,"msl","meanSea",NA,2025-05-05 18:00:00,2025-05-06
"hossegor",101651.875,"msl","meanSea",NA,2025-05-05 18:00:00,2025-05-06
"aytre",7.81441307067871,"fg10","heightAboveGround",NA,2025-05-05 18:00:00,2025-05-06 03:00:00
"saint_trojan",9.15103721618652,"fg10","heightAboveGround",NA,2025-05-05 18:00:00,2025-05-06 03:00:00
"hossegor",5.10988426208496,"fg10","heightAboveGround",NA,2025-05-05 18:00:00,2025-05-06 03:00:00
"aytre",283.101348876953,"mx2t3","heightAboveGround",NA,2025-05-05 18:00:00,2025-05-06 03:00:00
"saint_trojan",284.779083251953,"mx2t3","heightAboveGround",NA,2025-05-05 18:00:00,2025-05-06 03:00:00
"hossegor",284.405548095703,"mx2t3","heightAboveGround",NA,2025-05-05 18:00:00,2025-05-06 03:00:00
"aytre",281.918243408203,"mn2t3","heightAboveGround",NA,2025-05-05 18:00:00,2025-05-06 03:00:00
"saint_trojan",283.879669189453,"mn2t3","heightAboveGround",NA,2025-05-05 18:00:00,2025-05-06 03:00:00
"hossegor",283.407501220703,"mn2t3","heightAboveGround",NA,2025-05-05 18:00:00,2025-05-06 03:00:00
"aytre",-2.20700073242188,"u100","heightAboveGround",NA,2025-05-05 18:00:00,2025-05-06 03:00:00
"saint_trojan",-3.09298706054688,"u100","heightAboveGround",NA,2025-05-05 18:00:00,2025-05-06 03:00:00
"hossegor",1.33169555664062,"u100","heightAboveGround",NA,2025-05-05 18:00:00,2025-05-06 03:00:00
"aytre",-7.38331604003906,"v100","heightAboveGround",NA,2025-05-05 18:00:00,2025-05-06 03:00:00
"saint_trojan",-7.35874938964844,"v100","heightAboveGround",NA,2025-05-05 18:00:00,2025-05-06 03:00:00
"hossegor",-2.65943908691406,"v100","heightAboveGround",NA,2025-05-05 18:00:00,2025-05-06 03:00:00
"aytre",-1.204345703125,"u10","heightAboveGround",NA,2025-05-05 18:00:00,2025-05-06 03:00:00
"saint_trojan",-2.404541015625,"u10","heightAboveGround",NA,2025-05-05 18:00:00,2025-05-06 03:00:00
"hossegor",0.611572265625,"u10","heightAboveGround",NA,2025-05-05 18:00:00,2025-05-06 03:00:00
"aytre",-4.91242980957031,"v10","heightAboveGround",NA,2025-05-05 18:00:00,2025-05-06 03:00:00
"saint_trojan",-5.80183410644531,"v10","heightAboveGround",NA,2025-05-05 18:00:00,2025-05-06 03:00:00
"hossegor",-2.06867980957031,"v10","heightAboveGround",NA,2025-05-05 18:00:00,2025-05-06 03:00:00
"aytre",281.864044189453,"t2m","heightAboveGround",NA,2025-05-05 18:00:00,2025-05-06 03:00:00
"saint_trojan",283.822052001953,"t2m","heightAboveGround",NA,2025-05-05 18:00:00,2025-05-06 03:00:00
"hossegor",283.529083251953,"t2m","heightAboveGround",NA,2025-05-05 18:00:00,2025-05-06 03:00:00
"aytre",277.754669189453,"d2m","heightAboveGround",NA,2025-05-05 18:00:00,2025-05-06 03:00:00
"saint_trojan",278.900665283203,"d2m","heightAboveGround",NA,2025-05-05 18:00:00,2025-05-06 03:00:00
"hossegor",281.018341064453,"d2m","heightAboveGround",NA,2025-05-05 18:00:00,2025-05-06 03:00:00
"aytre",101694.25,"msl","meanSea",NA,2025-05-05 18:00:00,2025-05-06 03:00:00
"saint_trojan",101672.5,"msl","meanSea",NA,2025-05-05 18:00:00,2025-05-06 03:00:00
"hossegor",101583.1875,"msl","meanSea",NA,2025-05-05 18:00:00,2025-05-06 03:00:00
"aytre",8.35383415222168,"fg10","heightAboveGround",NA,2025-05-05 18:00:00,2025-05-06 06:00:00
"saint_trojan",9.60687065124512,"fg10","heightAboveGround",NA,2025-05-05 18:00:00,2025-05-06 06:00:00
"hossegor",4.0614453330636,"fg10","heightAboveGround",NA,2025-05-05 18:00:00,2025-05-06 06:00:00
"aytre",282.162872314453,"mx2t3","heightAboveGround",NA,2025-05-05 18:00:00,2025-05-06 06:00:00
"saint_trojan",283.822052001953,"mx2t3","heightAboveGround",NA,2025-05-05 18:00:00,2025-05-06 06:00:00
"hossegor",284.052520751953,"mx2t3","heightAboveGround",NA,2025-05-05 18:00:00,2025-05-06 06:00:00
"aytre",281.359588623047,"mn2t3","heightAboveGround",NA,2025-05-05 18:00:00,2025-05-06 06:00:00
"saint_trojan",283.115936279297,"mn2t3","heightAboveGround",NA,2025-05-05 18:00:00,2025-05-06 06:00:00
"hossegor",283.407440185547,"mn2t3","heightAboveGround",NA,2025-05-05 18:00:00,2025-05-06 06:00:00
"aytre",-2.209228515625,"u100","heightAboveGround",NA,2025-05-05 18:00:00,2025-05-06 06:00:00
"saint_trojan",-2.880615234375,"u100","heightAboveGround",NA,2025-05-05 18:00:00,2025-05-06 06:00:00
"hossegor",0.31109619140625,"u100","heightAboveGround",NA,2025-05-05 18:00:00,2025-05-06 06:00:00
"aytre",-7.44680786132812,"v100","heightAboveGround",NA,2025-05-05 18:00:00,2025-05-06 06:00:00
"saint_trojan",-7.28848266601562,"v100","heightAboveGround",NA,2025-05-05 18:00:00,2025-05-06 06:00:00
"hossegor",-1.63040161132812,"v100","heightAboveGround",NA,2025-05-05 18:00:00,2025-05-06 06:00:00
"aytre",-1.30720520019531,"u10","heightAboveGround",NA,2025-05-05 18:00:00,2025-05-06 06:00:00
"saint_trojan",-2.33821105957031,"u10","heightAboveGround",NA,2025-05-05 18:00:00,2025-05-06 06:00:00
"hossegor",0.0282440185546875,"u10","heightAboveGround",NA,2025-05-05 18:00:00,2025-05-06 06:00:00
"aytre",-5.18495178222656,"v10","heightAboveGround",NA,2025-05-05 18:00:00,2025-05-06 06:00:00
"saint_trojan",-5.95472717285156,"v10","heightAboveGround",NA,2025-05-05 18:00:00,2025-05-06 06:00:00
"hossegor",-1.10340881347656,"v10","heightAboveGround",NA,2025-05-05 18:00:00,2025-05-06 06:00:00
"aytre",281.9951171875,"t2m","heightAboveGround",NA,2025-05-05 18:00:00,2025-05-06 06:00:00
"saint_trojan",283.28515625,"t2m","heightAboveGround",NA,2025-05-05 18:00:00,2025-05-06 06:00:00
"hossegor",284.02685546875,"t2m","heightAboveGround",NA,2025-05-05 18:00:00,2025-05-06 06:00:00
"aytre",278.65869140625,"d2m","heightAboveGround",NA,2025-05-05 18:00:00,2025-05-06 06:00:00
"saint_trojan",279.4189453125,"d2m","heightAboveGround",NA,2025-05-05 18:00:00,2025-05-06 06:00:00
"hossegor",280.6982421875,"d2m","heightAboveGround",NA,2025-05-05 18:00:00,2025-05-06 06:00:00
"aytre",101769.375,"msl","meanSea",NA,2025-05-05 18:00:00,2025-05-06 06:00:00
"saint_trojan",101747.625,"msl","meanSea",NA,2025-05-05 18:00:00,2025-05-06 06:00:00
"hossegor",101647.1875,"msl","meanSea",NA,2025-05-05 18:00:00,2025-05-06 06:00:00
"aytre",8.51425760984421,"fg10","heightAboveGround",NA,2025-05-05 18:00:00,2025-05-06 09:00:00
"saint_trojan",9.37369346618652,"fg10","heightAboveGround",NA,2025-05-05 18:00:00,2025-05-06 09:00:00
"hossegor",5.97371514886618,"fg10","heightAboveGround",NA,2025-05-05 18:00:00,2025-05-06 09:00:00
"aytre",284.5322265625,"mx2t3","heightAboveGround",NA,2025-05-05 18:00:00,2025-05-06 09:00:00
"saint_trojan",284.287109375,"mx2t3","heightAboveGround",NA,2025-05-05 18:00:00,2025-05-06 09:00:00
"hossegor",285.33935546875,"mx2t3","heightAboveGround",NA,2025-05-05 18:00:00,2025-05-06 09:00:00
"aytre",281.995483398438,"mn2t3","heightAboveGround",NA,2025-05-05 18:00:00,2025-05-06 09:00:00
"saint_trojan",283.281127929688,"mn2t3","heightAboveGround",NA,2025-05-05 18:00:00,2025-05-06 09:00:00
"hossegor",283.941772460938,"mn2t3","heightAboveGround",NA,2025-05-05 18:00:00,2025-05-06 09:00:00
"aytre",-2.37339782714844,"u100","heightAboveGround",NA,2025-05-05 18:00:00,2025-05-06 09:00:00
"saint_trojan",-3.21559143066406,"u100","heightAboveGround",NA,2025-05-05 18:00:00,2025-05-06 09:00:00
"hossegor",2.06614685058594,"u100","heightAboveGround",NA,2025-05-05 18:00:00,2025-05-06 09:00:00
"aytre",-5.092529296875,"v100","heightAboveGround",NA,2025-05-05 18:00:00,2025-05-06 09:00:00
"saint_trojan",-5.40219116210938,"v100","heightAboveGround",NA,2025-05-05 18:00:00,2025-05-06 09:00:00
"hossegor",-1.12762451171875,"v100","heightAboveGround",NA,2025-05-05 18:00:00,2025-05-06 09:00:00
"aytre",-1.79301452636719,"u10","heightAboveGround",NA,2025-05-05 18:00:00,2025-05-06 09:00:00
"saint_trojan",-2.60502624511719,"u10","heightAboveGround",NA,2025-05-05 18:00:00,2025-05-06 09:00:00
"hossegor",1.63227844238281,"u10","heightAboveGround",NA,2025-05-05 18:00:00,2025-05-06 09:00:00
"aytre",-4.16593933105469,"v10","heightAboveGround",NA,2025-05-05 18:00:00,2025-05-06 09:00:00
"saint_trojan",-4.57682800292969,"v10","heightAboveGround",NA,2025-05-05 18:00:00,2025-05-06 09:00:00
"hossegor",-0.990646362304688,"v10","heightAboveGround",NA,2025-05-05 18:00:00,2025-05-06 09:00:00
"aytre",284.695037841797,"t2m","heightAboveGround",NA,2025-05-05 18:00:00,2025-05-06 09:00:00
"saint_trojan",284.370330810547,"t2m","heightAboveGround",NA,2025-05-05 18:00:00,2025-05-06 09:00:00
"hossegor",285.371795654297,"t2m","heightAboveGround",NA,2025-05-05 18:00:00,2025-05-06 09:00:00
"aytre",279.685760498047,"d2m","heightAboveGround",NA,2025-05-05 18:00:00,2025-05-06 09:00:00
"saint_trojan",279.125213623047,"d2m","heightAboveGround",NA,2025-05-05 18:00:00,2025-05-06 09:00:00
"hossegor",280.597381591797,"d2m","heightAboveGround",NA,2025-05-05 18:00:00,2025-05-06 09:00:00
"aytre",101839.3125,"msl","meanSea",NA,2025-05-05 18:00:00,2025-05-06 09:00:00
"saint_trojan",101835.1875,"msl","meanSea",NA,2025-05-05 18:00:00,2025-05-06 09:00:00
"hossegor",101766.5,"msl","meanSea",NA,2025-05-05 18:00:00,2025-05-06 09:00:00
"aytre",8.66112155467272,"fg10","heightAboveGround",NA,2025-05-05 18:00:00,2025-05-06 12:00:00
"saint_trojan",8.06699007749557,"fg10","heightAboveGround",NA,2025-05-05 18:00:00,2025-05-06 12:00:00
"hossegor",8.78372573852539,"fg10","heightAboveGround",NA,2025-05-05 18:00:00,2025-05-06 12:00:00
"aytre",288.235931396484,"mx2t3","heightAboveGround",NA,2025-05-05 18:00:00,2025-05-06 12:00:00
"saint_trojan",287.490814208984,"mx2t3","heightAboveGround",NA,2025-05-05 18:00:00,2025-05-06 12:00:00
"hossegor",286.620208740234,"mx2t3","heightAboveGround",NA,2025-05-05 18:00:00,2025-05-06 12:00:00
"aytre",284.689300537109,"mn2t3","heightAboveGround",NA,2025-05-05 18:00:00,2025-05-06 12:00:00
"saint_trojan",284.381683349609,"mn2t3","heightAboveGround",NA,2025-05-05 18:00:00,2025-05-06 12:00:00
"hossegor",285.310394287109,"mn2t3","heightAboveGround",NA,2025-05-05 18:00:00,2025-05-06 12:00:00
"aytre",-3.07322692871094,"u100","heightAboveGround",NA,2025-05-05 18:00:00,2025-05-06 12:00:00
"saint_trojan",-1.35307312011719,"u100","heightAboveGround",NA,2025-05-05 18:00:00,2025-05-06 12:00:00
"hossegor",3.59236145019531,"u100","heightAboveGround",NA,2025-05-05 18:00:00,2025-05-06 12:00:00
"aytre",-5.49314880371094,"v100","heightAboveGround",NA,2025-05-05 18:00:00,2025-05-06 12:00:00
"saint_trojan",-6.16468811035156,"v100","heightAboveGround",NA,2025-05-05 18:00:00,2025-05-06 12:00:00
"hossegor",-4.84300231933594,"v100","heightAboveGround",NA,2025-05-05 18:00:00,2025-05-06 12:00:00
"aytre",-2.28842163085938,"u10","heightAboveGround",NA,2025-05-05 18:00:00,2025-05-06 12:00:00
"saint_trojan",-0.822601318359375,"u10","heightAboveGround",NA,2025-05-05 18:00:00,2025-05-06 12:00:00
"hossegor",2.97305297851562,"u10","heightAboveGround",NA,2025-05-05 18:00:00,2025-05-06 12:00:00
"aytre",-4.50309753417969,"v10","heightAboveGround",NA,2025-05-05 18:00:00,2025-05-06 12:00:00
"saint_trojan",-5.28776550292969,"v10","heightAboveGround",NA,2025-05-05 18:00:00,2025-05-06 12:00:00
"hossegor",-3.98234558105469,"v10","heightAboveGround",NA,2025-05-05 18:00:00,2025-05-06 12:00:00
"aytre",288.31103515625,"t2m","heightAboveGround",NA,2025-05-05 18:00:00,2025-05-06 12:00:00
"saint_trojan",287.6220703125,"t2m","heightAboveGround",NA,2025-05-05 18:00:00,2025-05-06 12:00:00
"hossegor",286.609375,"t2m","heightAboveGround",NA,2025-05-05 18:00:00,2025-05-06 12:00:00
"aytre",279.39599609375,"d2m","heightAboveGround",NA,2025-05-05 18:00:00,2025-05-06 12:00:00
"saint_trojan",279.513671875,"d2m","heightAboveGround",NA,2025-05-05 18:00:00,2025-05-06 12:00:00
"hossegor",280.23291015625,"d2m","heightAboveGround",NA,2025-05-05 18:00:00,2025-05-06 12:00:00
"aytre",101770.875,"msl","meanSea",NA,2025-05-05 18:00:00,2025-05-06 12:00:00
"saint_trojan",101771.5,"msl","meanSea",NA,2025-05-05 18:00:00,2025-05-06 12:00:00
"hossegor",101733.125,"msl","meanSea",NA,2025-05-05 18:00:00,2025-05-06 12:00:00
"aytre",9.13367557525635,"fg10","heightAboveGround",NA,2025-05-05 18:00:00,2025-05-06 15:00:00
"saint_trojan",9.25350284576416,"fg10","heightAboveGround",NA,2025-05-05 18:00:00,2025-05-06 15:00:00
"hossegor",9.67180728912354,"fg10","heightAboveGround",NA,2025-05-05 18:00:00,2025-05-06 15:00:00
"aytre",288.876831054688,"mx2t3","heightAboveGround",NA,2025-05-05 18:00:00,2025-05-06 15:00:00
"saint_trojan",288.626342773438,"mx2t3","heightAboveGround",NA,2025-05-05 18:00:00,2025-05-06 15:00:00
"hossegor",287.092163085938,"mx2t3","heightAboveGround",NA,2025-05-05 18:00:00,2025-05-06 15:00:00
"aytre",288.220520019531,"mn2t3","heightAboveGround",NA,2025-05-05 18:00:00,2025-05-06 15:00:00
"saint_trojan",287.609680175781,"mn2t3","heightAboveGround",NA,2025-05-05 18:00:00,2025-05-06 15:00:00
"hossegor",286.442687988281,"mn2t3","heightAboveGround",NA,2025-05-05 18:00:00,2025-05-06 15:00:00
"aytre",-3.07467651367188,"u100","heightAboveGround",NA,2025-05-05 18:00:00,2025-05-06 15:00:00
"saint_trojan",-2.45693969726562,"u100","heightAboveGround",NA,2025-05-05 18:00:00,2025-05-06 15:00:00
"hossegor",3.16091918945312,"u100","heightAboveGround",NA,2025-05-05 18:00:00,2025-05-06 15:00:00
"aytre",-6.18695068359375,"v100","heightAboveGround",NA,2025-05-05 18:00:00,2025-05-06 15:00:00
"saint_trojan",-7.2291259765625,"v100","heightAboveGround",NA,2025-05-05 18:00:00,2025-05-06 15:00:00
"hossegor",-5.9141845703125,"v100","heightAboveGround",NA,2025-05-05 18:00:00,2025-05-06 15:00:00
"aytre",-2.29209899902344,"u10","heightAboveGround",NA,2025-05-05 18:00:00,2025-05-06 15:00:00
"saint_trojan",-1.86436462402344,"u10","heightAboveGround",NA,2025-05-05 18:00:00,2025-05-06 15:00:00
"hossegor",2.57972717285156,"u10","heightAboveGround",NA,2025-05-05 18:00:00,2025-05-06 15:00:00
"aytre",-4.97251892089844,"v10","heightAboveGround",NA,2025-05-05 18:00:00,2025-05-06 15:00:00
"saint_trojan",-6.08872985839844,"v10","heightAboveGround",NA,2025-05-05 18:00:00,2025-05-06 15:00:00
"hossegor",-4.86167907714844,"v10","heightAboveGround",NA,2025-05-05 18:00:00,2025-05-06 15:00:00
"aytre",288.797515869141,"t2m","heightAboveGround",NA,2025-05-05 18:00:00,2025-05-06 15:00:00
"saint_trojan",288.645172119141,"t2m","heightAboveGround",NA,2025-05-05 18:00:00,2025-05-06 15:00:00
"hossegor",286.758453369141,"t2m","heightAboveGround",NA,2025-05-05 18:00:00,2025-05-06 15:00:00
"aytre",278.096832275391,"d2m","heightAboveGround",NA,2025-05-05 18:00:00,2025-05-06 15:00:00
"saint_trojan",278.287261962891,"d2m","heightAboveGround",NA,2025-05-05 18:00:00,2025-05-06 15:00:00
"hossegor",280.436187744141,"d2m","heightAboveGround",NA,2025-05-05 18:00:00,2025-05-06 15:00:00
"aytre",101738.75,"msl","meanSea",NA,2025-05-05 18:00:00,2025-05-06 15:00:00
"saint_trojan",101729.75,"msl","meanSea",NA,2025-05-05 18:00:00,2025-05-06 15:00:00
"hossegor",101712.0625,"msl","meanSea",NA,2025-05-05 18:00:00,2025-05-06 15:00:00
"aytre",8.58481389284134,"fg10","heightAboveGround",NA,2025-05-05 18:00:00,2025-05-06 18:00:00
"saint_trojan",9.42348289489746,"fg10","heightAboveGround",NA,2025-05-05 18:00:00,2025-05-06 18:00:00
"hossegor",8.63484761863947,"fg10","heightAboveGround",NA,2025-05-05 18:00:00,2025-05-06 18:00:00
"aytre",288.964660644531,"mx2t3","heightAboveGround",NA,2025-05-05 18:00:00,2025-05-06 18:00:00
"saint_trojan",288.938781738281,"mx2t3","heightAboveGround",NA,2025-05-05 18:00:00,2025-05-06 18:00:00
"hossegor",287.313781738281,"mx2t3","heightAboveGround",NA,2025-05-05 18:00:00,2025-05-06 18:00:00
"aytre",287.945465087891,"mn2t3","heightAboveGround",NA,2025-05-05 18:00:00,2025-05-06 18:00:00
"saint_trojan",288.407867431641,"mn2t3","heightAboveGround",NA,2025-05-05 18:00:00,2025-05-06 18:00:00
"hossegor",286.567047119141,"mn2t3","heightAboveGround",NA,2025-05-05 18:00:00,2025-05-06 18:00:00
"aytre",-4.33270263671875,"u100","heightAboveGround",NA,2025-05-05 18:00:00,2025-05-06 18:00:00
"saint_trojan",-4.48794555664062,"u100","heightAboveGround",NA,2025-05-05 18:00:00,2025-05-06 18:00:00
"hossegor",2.48651123046875,"u100","heightAboveGround",NA,2025-05-05 18:00:00,2025-05-06 18:00:00
"aytre",-5.76789855957031,"v100","heightAboveGround",NA,2025-05-05 18:00:00,2025-05-06 18:00:00
"saint_trojan",-7.07923889160156,"v100","heightAboveGround",NA,2025-05-05 18:00:00,2025-05-06 18:00:00
"hossegor",-5.75267028808594,"v100","heightAboveGround",NA,2025-05-05 18:00:00,2025-05-06 18:00:00
"aytre",-3.05447387695312,"u10","heightAboveGround",NA,2025-05-05 18:00:00,2025-05-06 18:00:00
"saint_trojan",-3.58743286132812,"u10","heightAboveGround",NA,2025-05-05 18:00:00,2025-05-06 18:00:00
"hossegor",1.97091674804688,"u10","heightAboveGround",NA,2025-05-05 18:00:00,2025-05-06 18:00:00
"aytre",-4.27102661132812,"v10","heightAboveGround",NA,2025-05-05 18:00:00,2025-05-06 18:00:00
"saint_trojan",-5.76834106445312,"v10","heightAboveGround",NA,2025-05-05 18:00:00,2025-05-06 18:00:00
"hossegor",-4.57717895507812,"v10","heightAboveGround",NA,2025-05-05 18:00:00,2025-05-06 18:00:00
"aytre",287.848083496094,"t2m","heightAboveGround",NA,2025-05-05 18:00:00,2025-05-06 18:00:00
"saint_trojan",288.444763183594,"t2m","heightAboveGround",NA,2025-05-05 18:00:00,2025-05-06 18:00:00
"hossegor",287.015563964844,"t2m","heightAboveGround",NA,2025-05-05 18:00:00,2025-05-06 18:00:00
"aytre",279.397399902344,"d2m","heightAboveGround",NA,2025-05-05 18:00:00,2025-05-06 18:00:00
"saint_trojan",278.752380371094,"d2m","heightAboveGround",NA,2025-05-05 18:00:00,2025-05-06 18:00:00
"hossegor",280.986267089844,"d2m","heightAboveGround",NA,2025-05-05 18:00:00,2025-05-06 18:00:00
"aytre",101758.375,"msl","meanSea",NA,2025-05-05 18:00:00,2025-05-06 18:00:00
"saint_trojan",101738.25,"msl","meanSea",NA,2025-05-05 18:00:00,2025-05-06 18:00:00
"hossegor",101715.4375,"msl","meanSea",NA,2025-05-05 18:00:00,2025-05-06 18:00:00
"aytre",5.96065616607666,"fg10","heightAboveGround",NA,2025-05-05 18:00:00,2025-05-06 21:00:00
"saint_trojan",7.95511722564697,"fg10","heightAboveGround",NA,2025-05-05 18:00:00,2025-05-06 21:00:00
"hossegor",5.10942935943604,"fg10","heightAboveGround",NA,2025-05-05 18:00:00,2025-05-06 21:00:00
"aytre",287.854614257812,"mx2t3","heightAboveGround",NA,2025-05-05 18:00:00,2025-05-06 21:00:00
"saint_trojan",288.444458007812,"mx2t3","heightAboveGround",NA,2025-05-05 18:00:00,2025-05-06 21:00:00
"hossegor",287.049438476562,"mx2t3","heightAboveGround",NA,2025-05-05 18:00:00,2025-05-06 21:00:00
"aytre",285.967346191406,"mn2t3","heightAboveGround",NA,2025-05-05 18:00:00,2025-05-06 21:00:00
"saint_trojan",287.223693847656,"mn2t3","heightAboveGround",NA,2025-05-05 18:00:00,2025-05-06 21:00:00
"hossegor",284.966369628906,"mn2t3","heightAboveGround",NA,2025-05-05 18:00:00,2025-05-06 21:00:00
"aytre",-3.312744140625,"u100","heightAboveGround",NA,2025-05-05 18:00:00,2025-05-06 21:00:00
"saint_trojan",-4.37385559082031,"u100","heightAboveGround",NA,2025-05-05 18:00:00,2025-05-06 21:00:00
"hossegor",-0.686050415039062,"u100","heightAboveGround",NA,2025-05-05 18:00:00,2025-05-06 21:00:00
"aytre",-5.17515563964844,"v100","heightAboveGround",NA,2025-05-05 18:00:00,2025-05-06 21:00:00
"saint_trojan",-5.09095764160156,"v100","heightAboveGround",NA,2025-05-05 18:00:00,2025-05-06 21:00:00
"hossegor",-0.545578002929688,"v100","heightAboveGround",NA,2025-05-05 18:00:00,2025-05-06 21:00:00
"aytre",-1.67500305175781,"u10","heightAboveGround",NA,2025-05-05 18:00:00,2025-05-06 21:00:00
"saint_trojan",-3.07002258300781,"u10","heightAboveGround",NA,2025-05-05 18:00:00,2025-05-06 21:00:00
"hossegor",-0.938674926757812,"u10","heightAboveGround",NA,2025-05-05 18:00:00,2025-05-06 21:00:00
"aytre",-2.990966796875,"v10","heightAboveGround",NA,2025-05-05 18:00:00,2025-05-06 21:00:00
"saint_trojan",-3.6376953125,"v10","heightAboveGround",NA,2025-05-05 18:00:00,2025-05-06 21:00:00
"hossegor",0.12158203125,"v10","heightAboveGround",NA,2025-05-05 18:00:00,2025-05-06 21:00:00
"aytre",285.930389404297,"t2m","heightAboveGround",NA,2025-05-05 18:00:00,2025-05-06 21:00:00
"saint_trojan",287.208709716797,"t2m","heightAboveGround",NA,2025-05-05 18:00:00,2025-05-06 21:00:00
"hossegor",285.027069091797,"t2m","heightAboveGround",NA,2025-05-05 18:00:00,2025-05-06 21:00:00
"aytre",280.104705810547,"d2m","heightAboveGround",NA,2025-05-05 18:00:00,2025-05-06 21:00:00
"saint_trojan",280.582733154297,"d2m","heightAboveGround",NA,2025-05-05 18:00:00,2025-05-06 21:00:00
"hossegor",281.843475341797,"d2m","heightAboveGround",NA,2025-05-05 18:00:00,2025-05-06 21:00:00
"aytre",101896.1875,"msl","meanSea",NA,2025-05-05 18:00:00,2025-05-06 21:00:00
"saint_trojan",101884.375,"msl","meanSea",NA,2025-05-05 18:00:00,2025-05-06 21:00:00
"hossegor",101846.25,"msl","meanSea",NA,2025-05-05 18:00:00,2025-05-06 21:00:00
"aytre",6.46149301528931,"fg10","heightAboveGround",NA,2025-05-05 18:00:00,2025-05-07
"saint_trojan",7.31525284051895,"fg10","heightAboveGround",NA,2025-05-05 18:00:00,2025-05-07
"hossegor",6.02062084153295,"fg10","heightAboveGround",NA,2025-05-05 18:00:00,2025-05-07
"aytre",285.927917480469,"mx2t3","heightAboveGround",NA,2025-05-05 18:00:00,2025-05-07
"saint_trojan",287.213562011719,"mx2t3","heightAboveGround",NA,2025-05-05 18:00:00,2025-05-07
"hossegor",285.333679199219,"mx2t3","heightAboveGround",NA,2025-05-05 18:00:00,2025-05-07
"aytre",284.398132324219,"mn2t3","heightAboveGround",NA,2025-05-05 18:00:00,2025-05-07
"saint_trojan",286.162780761719,"mn2t3","heightAboveGround",NA,2025-05-05 18:00:00,2025-05-07
"hossegor",284.016296386719,"mn2t3","heightAboveGround",NA,2025-05-05 18:00:00,2025-05-07
"aytre",-2.59481811523438,"u100","heightAboveGround",NA,2025-05-05 18:00:00,2025-05-07
"saint_trojan",-3.36117553710938,"u100","heightAboveGround",NA,2025-05-05 18:00:00,2025-05-07
"hossegor",3.52349853515625,"u100","heightAboveGround",NA,2025-05-05 18:00:00,2025-05-07
"aytre",-6.62501525878906,"v100","heightAboveGround",NA,2025-05-05 18:00:00,2025-05-07
"saint_trojan",-6.22044372558594,"v100","heightAboveGround",NA,2025-05-05 18:00:00,2025-05-07
"hossegor",2.43218994140625,"v100","heightAboveGround",NA,2025-05-05 18:00:00,2025-05-07
"aytre",-1.19854736328125,"u10","heightAboveGround",NA,2025-05-05 18:00:00,2025-05-07
"saint_trojan",-2.35260009765625,"u10","heightAboveGround",NA,2025-05-05 18:00:00,2025-05-07
"hossegor",2.25042724609375,"u10","heightAboveGround",NA,2025-05-05 18:00:00,2025-05-07
"aytre",-4.15443420410156,"v10","heightAboveGround",NA,2025-05-05 18:00:00,2025-05-07
"saint_trojan",-4.65980529785156,"v10","heightAboveGround",NA,2025-05-05 18:00:00,2025-05-07
"hossegor",2.00865173339844,"v10","heightAboveGround",NA,2025-05-05 18:00:00,2025-05-07
"aytre",284.328643798828,"t2m","heightAboveGround",NA,2025-05-05 18:00:00,2025-05-07
"saint_trojan",286.107940673828,"t2m","heightAboveGround",NA,2025-05-05 18:00:00,2025-05-07
"hossegor",284.991729736328,"t2m","heightAboveGround",NA,2025-05-05 18:00:00,2025-05-07
"aytre",279.803741455078,"d2m","heightAboveGround",NA,2025-05-05 18:00:00,2025-05-07
"saint_trojan",280.972198486328,"d2m","heightAboveGround",NA,2025-05-05 18:00:00,2025-05-07
"hossegor",282.833526611328,"d2m","heightAboveGround",NA,2025-05-05 18:00:00,2025-05-07
"aytre",101925.1875,"msl","meanSea",NA,2025-05-05 18:00:00,2025-05-07
"saint_trojan",101903.375,"msl","meanSea",NA,2025-05-05 18:00:00,2025-05-07
"hossegor",101828.0625,"msl","meanSea",NA,2025-05-05 18:00:00,2025-05-07
"aytre",7.50356674194336,"fg10","heightAboveGround",NA,2025-05-05 18:00:00,2025-05-07 03:00:00
"saint_trojan",8.69340133666992,"fg10","heightAboveGround",NA,2025-05-05 18:00:00,2025-05-07 03:00:00
"hossegor",3.12195952609181,"fg10","heightAboveGround",NA,2025-05-05 18:00:00,2025-05-07 03:00:00
"aytre",284.327514648438,"mx2t3","heightAboveGround",NA,2025-05-05 18:00:00,2025-05-07 03:00:00
"saint_trojan",286.098999023438,"mx2t3","heightAboveGround",NA,2025-05-05 18:00:00,2025-05-07 03:00:00
"hossegor",285.148315429688,"mx2t3","heightAboveGround",NA,2025-05-05 18:00:00,2025-05-07 03:00:00
"aytre",283.039642333984,"mn2t3","heightAboveGround",NA,2025-05-05 18:00:00,2025-05-07 03:00:00
"saint_trojan",284.686126708984,"mn2t3","heightAboveGround",NA,2025-05-05 18:00:00,2025-05-07 03:00:00
"hossegor",284.520599365234,"mn2t3","heightAboveGround",NA,2025-05-05 18:00:00,2025-05-07 03:00:00
"aytre",-4.11088562011719,"u100","heightAboveGround",NA,2025-05-05 18:00:00,2025-05-07 03:00:00
"saint_trojan",-4.877685546875,"u100","heightAboveGround",NA,2025-05-05 18:00:00,2025-05-07 03:00:00
"hossegor",1.65664672851562,"u100","heightAboveGround",NA,2025-05-05 18:00:00,2025-05-07 03:00:00
"aytre",-6.49026489257812,"v100","heightAboveGround",NA,2025-05-05 18:00:00,2025-05-07 03:00:00
"saint_trojan",-6.34199523925781,"v100","heightAboveGround",NA,2025-05-05 18:00:00,2025-05-07 03:00:00
"hossegor",0.0411376953125,"v100","heightAboveGround",NA,2025-05-05 18:00:00,2025-05-07 03:00:00
"aytre",-2.3294677734375,"u10","heightAboveGround",NA,2025-05-05 18:00:00,2025-05-07 03:00:00
"saint_trojan",-3.5831298828125,"u10","heightAboveGround",NA,2025-05-05 18:00:00,2025-05-07 03:00:00
"hossegor",0.3172607421875,"u10","heightAboveGround",NA,2025-05-05 18:00:00,2025-05-07 03:00:00
"aytre",-4.13771057128906,"v10","heightAboveGround",NA,2025-05-05 18:00:00,2025-05-07 03:00:00
"saint_trojan",-4.79689025878906,"v10","heightAboveGround",NA,2025-05-05 18:00:00,2025-05-07 03:00:00
"hossegor",0.319564819335938,"v10","heightAboveGround",NA,2025-05-05 18:00:00,2025-05-07 03:00:00
"aytre",283.012268066406,"t2m","heightAboveGround",NA,2025-05-05 18:00:00,2025-05-07 03:00:00
"saint_trojan",284.639221191406,"t2m","heightAboveGround",NA,2025-05-05 18:00:00,2025-05-07 03:00:00
"hossegor",284.520080566406,"t2m","heightAboveGround",NA,2025-05-05 18:00:00,2025-05-07 03:00:00
"aytre",279.150939941406,"d2m","heightAboveGround",NA,2025-05-05 18:00:00,2025-05-07 03:00:00
"saint_trojan",280.444396972656,"d2m","heightAboveGround",NA,2025-05-05 18:00:00,2025-05-07 03:00:00
"hossegor",281.987854003906,"d2m","heightAboveGround",NA,2025-05-05 18:00:00,2025-05-07 03:00:00
"aytre",101854.5,"msl","meanSea",NA,2025-05-05 18:00:00,2025-05-07 03:00:00
"saint_trojan",101827.25,"msl","meanSea",NA,2025-05-05 18:00:00,2025-05-07 03:00:00
"hossegor",101730.1875,"msl","meanSea",NA,2025-05-05 18:00:00,2025-05-07 03:00:00
"aytre",7.59831780940294,"fg10","heightAboveGround",NA,2025-05-05 18:00:00,2025-05-07 06:00:00
"saint_trojan",8.24974606186152,"fg10","heightAboveGround",NA,2025-05-05 18:00:00,2025-05-07 06:00:00
"hossegor",3.9505820274353,"fg10","heightAboveGround",NA,2025-05-05 18:00:00,2025-05-07 06:00:00
"aytre",283.253356933594,"mx2t3","heightAboveGround",NA,2025-05-05 18:00:00,2025-05-07 06:00:00
"saint_trojan",284.640563964844,"mx2t3","heightAboveGround",NA,2025-05-05 18:00:00,2025-05-07 06:00:00
"hossegor",284.623474121094,"mx2t3","heightAboveGround",NA,2025-05-05 18:00:00,2025-05-07 06:00:00
"aytre",282.524353027344,"mn2t3","heightAboveGround",NA,2025-05-05 18:00:00,2025-05-07 06:00:00
"saint_trojan",283.917907714844,"mn2t3","heightAboveGround",NA,2025-05-05 18:00:00,2025-05-07 06:00:00
"hossegor",283.285095214844,"mn2t3","heightAboveGround",NA,2025-05-05 18:00:00,2025-05-07 06:00:00
"aytre",-4.17231750488281,"u100","heightAboveGround",NA,2025-05-05 18:00:00,2025-05-07 06:00:00
"saint_trojan",-4.85581970214844,"u100","heightAboveGround",NA,2025-05-05 18:00:00,2025-05-07 06:00:00
"hossegor",-0.167678833007812,"u100","heightAboveGround",NA,2025-05-05 18:00:00,2025-05-07 06:00:00
"aytre",-5.82865905761719,"v100","heightAboveGround",NA,2025-05-05 18:00:00,2025-05-07 06:00:00
"saint_trojan",-5.50894165039062,"v100","heightAboveGround",NA,2025-05-05 18:00:00,2025-05-07 06:00:00
"hossegor",0.03399658203125,"v100","heightAboveGround",NA,2025-05-05 18:00:00,2025-05-07 06:00:00
"aytre",-2.64945983886719,"u10","heightAboveGround",NA,2025-05-05 18:00:00,2025-05-07 06:00:00
"saint_trojan",-3.60697937011719,"u10","heightAboveGround",NA,2025-05-05 18:00:00,2025-05-07 06:00:00
"hossegor",-0.949508666992188,"u10","heightAboveGround",NA,2025-05-05 18:00:00,2025-05-07 06:00:00
"aytre",-4.12687683105469,"v10","heightAboveGround",NA,2025-05-05 18:00:00,2025-05-07 06:00:00
"saint_trojan",-4.25065612792969,"v10","heightAboveGround",NA,2025-05-05 18:00:00,2025-05-07 06:00:00
"hossegor",0.667800903320312,"v10","heightAboveGround",NA,2025-05-05 18:00:00,2025-05-07 06:00:00
"aytre",283.047058105469,"t2m","heightAboveGround",NA,2025-05-05 18:00:00,2025-05-07 06:00:00
"saint_trojan",284.026062011719,"t2m","heightAboveGround",NA,2025-05-05 18:00:00,2025-05-07 06:00:00
"hossegor",283.715515136719,"t2m","heightAboveGround",NA,2025-05-05 18:00:00,2025-05-07 06:00:00
"aytre",279.081237792969,"d2m","heightAboveGround",NA,2025-05-05 18:00:00,2025-05-07 06:00:00
"saint_trojan",279.928894042969,"d2m","heightAboveGround",NA,2025-05-05 18:00:00,2025-05-07 06:00:00
"hossegor",283.153991699219,"d2m","heightAboveGround",NA,2025-05-05 18:00:00,2025-05-07 06:00:00
"aytre",101894.25,"msl","meanSea",NA,2025-05-05 18:00:00,2025-05-07 06:00:00
"saint_trojan",101870.125,"msl","meanSea",NA,2025-05-05 18:00:00,2025-05-07 06:00:00
"hossegor",101748.375,"msl","meanSea",NA,2025-05-05 18:00:00,2025-05-07 06:00:00
"aytre",7.23931312561035,"fg10","heightAboveGround",NA,2025-05-05 18:00:00,2025-05-07 09:00:00
"saint_trojan",7.92710304260254,"fg10","heightAboveGround",NA,2025-05-05 18:00:00,2025-05-07 09:00:00
"hossegor",3.68813501670957,"fg10","heightAboveGround",NA,2025-05-05 18:00:00,2025-05-07 09:00:00
"aytre",285.585144042969,"mx2t3","heightAboveGround",NA,2025-05-05 18:00:00,2025-05-07 09:00:00
"saint_trojan",285.619812011719,"mx2t3","heightAboveGround",NA,2025-05-05 18:00:00,2025-05-07 09:00:00
"hossegor",286.841003417969,"mx2t3","heightAboveGround",NA,2025-05-05 18:00:00,2025-05-07 09:00:00
"aytre",283.052886962891,"mn2t3","heightAboveGround",NA,2025-05-05 18:00:00,2025-05-07 09:00:00
"saint_trojan",284.017730712891,"mn2t3","heightAboveGround",NA,2025-05-05 18:00:00,2025-05-07 09:00:00
"hossegor",283.645660400391,"mn2t3","heightAboveGround",NA,2025-05-05 18:00:00,2025-05-07 09:00:00
"aytre",-3.30438232421875,"u100","heightAboveGround",NA,2025-05-05 18:00:00,2025-05-07 09:00:00
"saint_trojan",-4.09466552734375,"u100","heightAboveGround",NA,2025-05-05 18:00:00,2025-05-07 09:00:00
"hossegor",0.115341186523438,"u100","heightAboveGround",NA,2025-05-05 18:00:00,2025-05-07 09:00:00
"aytre",-2.98249816894531,"v100","heightAboveGround",NA,2025-05-05 18:00:00,2025-05-07 09:00:00
"saint_trojan",-3.53669738769531,"v100","heightAboveGround",NA,2025-05-05 18:00:00,2025-05-07 09:00:00
"hossegor",0.229461669921875,"v100","heightAboveGround",NA,2025-05-05 18:00:00,2025-05-07 09:00:00
"aytre",-2.61894226074219,"u10","heightAboveGround",NA,2025-05-05 18:00:00,2025-05-07 09:00:00
"saint_trojan",-3.36991882324219,"u10","heightAboveGround",NA,2025-05-05 18:00:00,2025-05-07 09:00:00
"hossegor",0.203323364257812,"u10","heightAboveGround",NA,2025-05-05 18:00:00,2025-05-07 09:00:00
"aytre",-2.46624755859375,"v10","heightAboveGround",NA,2025-05-05 18:00:00,2025-05-07 09:00:00
"saint_trojan",-3.08416748046875,"v10","heightAboveGround",NA,2025-05-05 18:00:00,2025-05-07 09:00:00
"hossegor",0.21368408203125,"v10","heightAboveGround",NA,2025-05-05 18:00:00,2025-05-07 09:00:00
"aytre",285.724487304688,"t2m","heightAboveGround",NA,2025-05-05 18:00:00,2025-05-07 09:00:00
"saint_trojan",285.713256835938,"t2m","heightAboveGround",NA,2025-05-05 18:00:00,2025-05-07 09:00:00
"hossegor",286.929565429688,"t2m","heightAboveGround",NA,2025-05-05 18:00:00,2025-05-07 09:00:00
"aytre",280.781616210938,"d2m","heightAboveGround",NA,2025-05-05 18:00:00,2025-05-07 09:00:00
"saint_trojan",280.093139648438,"d2m","heightAboveGround",NA,2025-05-05 18:00:00,2025-05-07 09:00:00
"hossegor",282.619018554688,"d2m","heightAboveGround",NA,2025-05-05 18:00:00,2025-05-07 09:00:00
"aytre",101929.0625,"msl","meanSea",NA,2025-05-05 18:00:00,2025-05-07 09:00:00
"saint_trojan",101916.875,"msl","meanSea",NA,2025-05-05 18:00:00,2025-05-07 09:00:00
"hossegor",101793.4375,"msl","meanSea",NA,2025-05-05 18:00:00,2025-05-07 09:00:00
"aytre",6.8297872543335,"fg10","heightAboveGround",NA,2025-05-05 18:00:00,2025-05-07 12:00:00
"saint_trojan",5.90110683441162,"fg10","heightAboveGround",NA,2025-05-05 18:00:00,2025-05-07 12:00:00
"hossegor",5.98516750335693,"fg10","heightAboveGround",NA,2025-05-05 18:00:00,2025-05-07 12:00:00
"aytre",288.52099609375,"mx2t3","heightAboveGround",NA,2025-05-05 18:00:00,2025-05-07 12:00:00
"saint_trojan",287.86962890625,"mx2t3","heightAboveGround",NA,2025-05-05 18:00:00,2025-05-07 12:00:00
"hossegor",288.23974609375,"mx2t3","heightAboveGround",NA,2025-05-05 18:00:00,2025-05-07 12:00:00
"aytre",285.722290039062,"mn2t3","heightAboveGround",NA,2025-05-05 18:00:00,2025-05-07 12:00:00
"saint_trojan",285.714965820312,"mn2t3","heightAboveGround",NA,2025-05-05 18:00:00,2025-05-07 12:00:00
"hossegor",286.942504882812,"mn2t3","heightAboveGround",NA,2025-05-05 18:00:00,2025-05-07 12:00:00
"aytre",-3.73756408691406,"u100","heightAboveGround",NA,2025-05-05 18:00:00,2025-05-07 12:00:00
"saint_trojan",-2.64935302734375,"u100","heightAboveGround",NA,2025-05-05 18:00:00,2025-05-07 12:00:00
"hossegor",1.69633483886719,"u100","heightAboveGround",NA,2025-05-05 18:00:00,2025-05-07 12:00:00
"aytre",-3.25041198730469,"v100","heightAboveGround",NA,2025-05-05 18:00:00,2025-05-07 12:00:00
"saint_trojan",-3.73191833496094,"v100","heightAboveGround",NA,2025-05-05 18:00:00,2025-05-07 12:00:00
"hossegor",-2.91297912597656,"v100","heightAboveGround",NA,2025-05-05 18:00:00,2025-05-07 12:00:00
"aytre",-3.00299072265625,"u10","heightAboveGround",NA,2025-05-05 18:00:00,2025-05-07 12:00:00
"saint_trojan",-2.03985595703125,"u10","heightAboveGround",NA,2025-05-05 18:00:00,2025-05-07 12:00:00
"hossegor",1.74945068359375,"u10","heightAboveGround",NA,2025-05-05 18:00:00,2025-05-07 12:00:00
"aytre",-2.6771240234375,"v10","heightAboveGround",NA,2025-05-05 18:00:00,2025-05-07 12:00:00
"saint_trojan",-3.2794189453125,"v10","heightAboveGround",NA,2025-05-05 18:00:00,2025-05-07 12:00:00
"hossegor",-2.5389404296875,"v10","heightAboveGround",NA,2025-05-05 18:00:00,2025-05-07 12:00:00
"aytre",288.575805664062,"t2m","heightAboveGround",NA,2025-05-05 18:00:00,2025-05-07 12:00:00
"saint_trojan",287.946899414062,"t2m","heightAboveGround",NA,2025-05-05 18:00:00,2025-05-07 12:00:00
"hossegor",288.233032226562,"t2m","heightAboveGround",NA,2025-05-05 18:00:00,2025-05-07 12:00:00
"aytre",279.191040039062,"d2m","heightAboveGround",NA,2025-05-05 18:00:00,2025-05-07 12:00:00
"saint_trojan",279.219360351562,"d2m","heightAboveGround",NA,2025-05-05 18:00:00,2025-05-07 12:00:00
"hossegor",282.847778320312,"d2m","heightAboveGround",NA,2025-05-05 18:00:00,2025-05-07 12:00:00
"aytre",101837.375,"msl","meanSea",NA,2025-05-05 18:00:00,2025-05-07 12:00:00
"saint_trojan",101839.25,"msl","meanSea",NA,2025-05-05 18:00:00,2025-05-07 12:00:00
"hossegor",101711.9375,"msl","meanSea",NA,2025-05-05 18:00:00,2025-05-07 12:00:00
"aytre",7.56628769636154,"fg10","heightAboveGround",NA,2025-05-05 18:00:00,2025-05-07 15:00:00
"saint_trojan",6.73741483688354,"fg10","heightAboveGround",NA,2025-05-05 18:00:00,2025-05-07 15:00:00
"hossegor",7.59794969856739,"fg10","heightAboveGround",NA,2025-05-05 18:00:00,2025-05-07 15:00:00
"aytre",288.977294921875,"mx2t3","heightAboveGround",NA,2025-05-05 18:00:00,2025-05-07 15:00:00
"saint_trojan",288.786865234375,"mx2t3","heightAboveGround",NA,2025-05-05 18:00:00,2025-05-07 15:00:00
"hossegor",288.958740234375,"mx2t3","heightAboveGround",NA,2025-05-05 18:00:00,2025-05-07 15:00:00
"aytre",288.4306640625,"mn2t3","heightAboveGround",NA,2025-05-05 18:00:00,2025-05-07 15:00:00
"saint_trojan",287.94921875,"mn2t3","heightAboveGround",NA,2025-05-05 18:00:00,2025-05-07 15:00:00
"hossegor",288.0830078125,"mn2t3","heightAboveGround",NA,2025-05-05 18:00:00,2025-05-07 15:00:00
"aytre",-3.59169006347656,"u100","heightAboveGround",NA,2025-05-05 18:00:00,2025-05-07 15:00:00
"saint_trojan",-3.16802978515625,"u100","heightAboveGround",NA,2025-05-05 18:00:00,2025-05-07 15:00:00
"hossegor",0.855377197265625,"u100","heightAboveGround",NA,2025-05-05 18:00:00,2025-05-07 15:00:00
"aytre",-4.45021057128906,"v100","heightAboveGround",NA,2025-05-05 18:00:00,2025-05-07 15:00:00
"saint_trojan",-4.66043090820312,"v100","heightAboveGround",NA,2025-05-05 18:00:00,2025-05-07 15:00:00
"hossegor",-5.24746704101562,"v100","heightAboveGround",NA,2025-05-05 18:00:00,2025-05-07 15:00:00
"aytre",-2.85023498535156,"u10","heightAboveGround",NA,2025-05-05 18:00:00,2025-05-07 15:00:00
"saint_trojan",-2.56190490722656,"u10","heightAboveGround",NA,2025-05-05 18:00:00,2025-05-07 15:00:00
"hossegor",0.809677124023438,"u10","heightAboveGround",NA,2025-05-05 18:00:00,2025-05-07 15:00:00
"aytre",-3.6197509765625,"v10","heightAboveGround",NA,2025-05-05 18:00:00,2025-05-07 15:00:00
"saint_trojan",-3.9793701171875,"v10","heightAboveGround",NA,2025-05-05 18:00:00,2025-05-07 15:00:00
"hossegor",-4.3997802734375,"v10","heightAboveGround",NA,2025-05-05 18:00:00,2025-05-07 15:00:00
"aytre",288.68798828125,"t2m","heightAboveGround",NA,2025-05-05 18:00:00,2025-05-07 15:00:00
"saint_trojan",288.74169921875,"t2m","heightAboveGround",NA,2025-05-05 18:00:00,2025-05-07 15:00:00
"hossegor",288.80029296875,"t2m","heightAboveGround",NA,2025-05-05 18:00:00,2025-05-07 15:00:00
"aytre",279.30810546875,"d2m","heightAboveGround",NA,2025-05-05 18:00:00,2025-05-07 15:00:00
"saint_trojan",278.71533203125,"d2m","heightAboveGround",NA,2025-05-05 18:00:00,2025-05-07 15:00:00
"hossegor",281.66162109375,"d2m","heightAboveGround",NA,2025-05-05 18:00:00,2025-05-07 15:00:00
"aytre",101726.3125,"msl","meanSea",NA,2025-05-05 18:00:00,2025-05-07 15:00:00
"saint_trojan",101716.875,"msl","meanSea",NA,2025-05-05 18:00:00,2025-05-07 15:00:00
"hossegor",101589.5625,"msl","meanSea",NA,2025-05-05 18:00:00,2025-05-07 15:00:00
"aytre",6.72837686538696,"fg10","heightAboveGround",NA,2025-05-05 18:00:00,2025-05-07 18:00:00
"saint_trojan",6.84382486343384,"fg10","heightAboveGround",NA,2025-05-05 18:00:00,2025-05-07 18:00:00
"hossegor",7.98679997771978,"fg10","heightAboveGround",NA,2025-05-05 18:00:00,2025-05-07 18:00:00
"aytre",288.6923828125,"mx2t3","heightAboveGround",NA,2025-05-05 18:00:00,2025-05-07 18:00:00
"saint_trojan",288.8203125,"mx2t3","heightAboveGround",NA,2025-05-05 18:00:00,2025-05-07 18:00:00
"hossegor",289.07373046875,"mx2t3","heightAboveGround",NA,2025-05-05 18:00:00,2025-05-07 18:00:00
"aytre",288.208526611328,"mn2t3","heightAboveGround",NA,2025-05-05 18:00:00,2025-05-07 18:00:00
"saint_trojan",288.513214111328,"mn2t3","heightAboveGround",NA,2025-05-05 18:00:00,2025-05-07 18:00:00
"hossegor",288.243682861328,"mn2t3","heightAboveGround",NA,2025-05-05 18:00:00,2025-05-07 18:00:00
"aytre",-3.68740844726562,"u100","heightAboveGround",NA,2025-05-05 18:00:00,2025-05-07 18:00:00
"saint_trojan",-3.97674560546875,"u100","heightAboveGround",NA,2025-05-05 18:00:00,2025-05-07 18:00:00
"hossegor",0.172775268554688,"u100","heightAboveGround",NA,2025-05-05 18:00:00,2025-05-07 18:00:00
"aytre",-3.85653686523438,"v100","heightAboveGround",NA,2025-05-05 18:00:00,2025-05-07 18:00:00
"saint_trojan",-4.16001892089844,"v100","heightAboveGround",NA,2025-05-05 18:00:00,2025-05-07 18:00:00
"hossegor",-6.12905883789062,"v100","heightAboveGround",NA,2025-05-05 18:00:00,2025-05-07 18:00:00
"aytre",-2.59712219238281,"u10","heightAboveGround",NA,2025-05-05 18:00:00,2025-05-07 18:00:00
"saint_trojan",-3.27656555175781,"u10","heightAboveGround",NA,2025-05-05 18:00:00,2025-05-07 18:00:00
"hossegor",0.117721557617188,"u10","heightAboveGround",NA,2025-05-05 18:00:00,2025-05-07 18:00:00
"aytre",-2.913818359375,"v10","heightAboveGround",NA,2025-05-05 18:00:00,2025-05-07 18:00:00
"saint_trojan",-3.511474609375,"v10","heightAboveGround",NA,2025-05-05 18:00:00,2025-05-07 18:00:00
"hossegor",-4.7490234375,"v10","heightAboveGround",NA,2025-05-05 18:00:00,2025-05-07 18:00:00
"aytre",288.170959472656,"t2m","heightAboveGround",NA,2025-05-05 18:00:00,2025-05-07 18:00:00
"saint_trojan",288.530334472656,"t2m","heightAboveGround",NA,2025-05-05 18:00:00,2025-05-07 18:00:00
"hossegor",288.455139160156,"t2m","heightAboveGround",NA,2025-05-05 18:00:00,2025-05-07 18:00:00
"aytre",280.587463378906,"d2m","heightAboveGround",NA,2025-05-05 18:00:00,2025-05-07 18:00:00
"saint_trojan",279.749084472656,"d2m","heightAboveGround",NA,2025-05-05 18:00:00,2025-05-07 18:00:00
"hossegor",281.940002441406,"d2m","heightAboveGround",NA,2025-05-05 18:00:00,2025-05-07 18:00:00
"aytre",101672.4375,"msl","meanSea",NA,2025-05-05 18:00:00,2025-05-07 18:00:00
"saint_trojan",101660.3125,"msl","meanSea",NA,2025-05-05 18:00:00,2025-05-07 18:00:00
"hossegor",101524.0625,"msl","meanSea",NA,2025-05-05 18:00:00,2025-05-07 18:00:00
"aytre",4.54221048951149,"fg10","heightAboveGround",NA,2025-05-05 18:00:00,2025-05-07 21:00:00
"saint_trojan",5.57162952423096,"fg10","heightAboveGround",NA,2025-05-05 18:00:00,2025-05-07 21:00:00
"hossegor",5.12836161255836,"fg10","heightAboveGround",NA,2025-05-05 18:00:00,2025-05-07 21:00:00
"aytre",288.173553466797,"mx2t3","heightAboveGround",NA,2025-05-05 18:00:00,2025-05-07 21:00:00
"saint_trojan",288.551971435547,"mx2t3","heightAboveGround",NA,2025-05-05 18:00:00,2025-05-07 21:00:00
"hossegor",288.513885498047,"mx2t3","heightAboveGround",NA,2025-05-05 18:00:00,2025-05-07 21:00:00
"aytre",285.993713378906,"mn2t3","heightAboveGround",NA,2025-05-05 18:00:00,2025-05-07 21:00:00
"saint_trojan",287.343322753906,"mn2t3","heightAboveGround",NA,2025-05-05 18:00:00,2025-05-07 21:00:00
"hossegor",287.235900878906,"mn2t3","heightAboveGround",NA,2025-05-05 18:00:00,2025-05-07 21:00:00
"aytre",-3.60411071777344,"u100","heightAboveGround",NA,2025-05-05 18:00:00,2025-05-07 21:00:00
"saint_trojan",-4.13040161132812,"u100","heightAboveGround",NA,2025-05-05 18:00:00,2025-05-07 21:00:00
"hossegor",-1.240234375,"u100","heightAboveGround",NA,2025-05-05 18:00:00,2025-05-07 21:00:00
"aytre",-3.63130187988281,"v100","heightAboveGround",NA,2025-05-05 18:00:00,2025-05-07 21:00:00
"saint_trojan",-3.13357543945312,"v100","heightAboveGround",NA,2025-05-05 18:00:00,2025-05-07 21:00:00
"hossegor",-4.18246459960938,"v100","heightAboveGround",NA,2025-05-05 18:00:00,2025-05-07 21:00:00
"aytre",-1.79132080078125,"u10","heightAboveGround",NA,2025-05-05 18:00:00,2025-05-07 21:00:00
"saint_trojan",-2.77008056640625,"u10","heightAboveGround",NA,2025-05-05 18:00:00,2025-05-07 21:00:00
"hossegor",-0.75250244140625,"u10","heightAboveGround",NA,2025-05-05 18:00:00,2025-05-07 21:00:00
"aytre",-2.32106018066406,"v10","heightAboveGround",NA,2025-05-05 18:00:00,2025-05-07 21:00:00
"saint_trojan",-2.22560119628906,"v10","heightAboveGround",NA,2025-05-05 18:00:00,2025-05-07 21:00:00
"hossegor",-2.35060119628906,"v10","heightAboveGround",NA,2025-05-05 18:00:00,2025-05-07 21:00:00
"aytre",285.915954589844,"t2m","heightAboveGround",NA,2025-05-05 18:00:00,2025-05-07 21:00:00
"saint_trojan",287.276306152344,"t2m","heightAboveGround",NA,2025-05-05 18:00:00,2025-05-07 21:00:00
"hossegor",287.318298339844,"t2m","heightAboveGround",NA,2025-05-05 18:00:00,2025-05-07 21:00:00
"aytre",281.257751464844,"d2m","heightAboveGround",NA,2025-05-05 18:00:00,2025-05-07 21:00:00
"saint_trojan",281.617614746094,"d2m","heightAboveGround",NA,2025-05-05 18:00:00,2025-05-07 21:00:00
"hossegor",282.592224121094,"d2m","heightAboveGround",NA,2025-05-05 18:00:00,2025-05-07 21:00:00
"aytre",101708.5625,"msl","meanSea",NA,2025-05-05 18:00:00,2025-05-07 21:00:00
"saint_trojan",101693.9375,"msl","meanSea",NA,2025-05-05 18:00:00,2025-05-07 21:00:00
"hossegor",101542.3125,"msl","meanSea",NA,2025-05-05 18:00:00,2025-05-07 21:00:00
"aytre",4.52771231159568,"fg10","heightAboveGround",NA,2025-05-05 18:00:00,2025-05-08
"saint_trojan",5.24576044082642,"fg10","heightAboveGround",NA,2025-05-05 18:00:00,2025-05-08
"hossegor",3.98806992452592,"fg10","heightAboveGround",NA,2025-05-05 18:00:00,2025-05-08
"aytre",285.91552734375,"mx2t3","heightAboveGround",NA,2025-05-05 18:00:00,2025-05-08
"saint_trojan",287.27587890625,"mx2t3","heightAboveGround",NA,2025-05-05 18:00:00,2025-05-08
"hossegor",287.3203125,"mx2t3","heightAboveGround",NA,2025-05-05 18:00:00,2025-05-08
"aytre",284.314575195312,"mn2t3","heightAboveGround",NA,2025-05-05 18:00:00,2025-05-08
"saint_trojan",285.974243164062,"mn2t3","heightAboveGround",NA,2025-05-05 18:00:00,2025-05-08
"hossegor",284.860473632812,"mn2t3","heightAboveGround",NA,2025-05-05 18:00:00,2025-05-08
"aytre",-3.95945739746094,"u100","heightAboveGround",NA,2025-05-05 18:00:00,2025-05-08
"saint_trojan",-4.03207397460938,"u100","heightAboveGround",NA,2025-05-05 18:00:00,2025-05-08
"hossegor",-3.54995727539062,"u100","heightAboveGround",NA,2025-05-05 18:00:00,2025-05-08
"aytre",-3.39944458007812,"v100","heightAboveGround",NA,2025-05-05 18:00:00,2025-05-08
"saint_trojan",-3.444580078125,"v100","heightAboveGround",NA,2025-05-05 18:00:00,2025-05-08
"hossegor",-0.0648651123046875,"v100","heightAboveGround",NA,2025-05-05 18:00:00,2025-05-08
"aytre",-1.88587951660156,"u10","heightAboveGround",NA,2025-05-05 18:00:00,2025-05-08
"saint_trojan",-2.59461975097656,"u10","heightAboveGround",NA,2025-05-05 18:00:00,2025-05-08
"hossegor",-2.01112365722656,"u10","heightAboveGround",NA,2025-05-05 18:00:00,2025-05-08
"aytre",-2.15402221679688,"v10","heightAboveGround",NA,2025-05-05 18:00:00,2025-05-08
"saint_trojan",-2.42819213867188,"v10","heightAboveGround",NA,2025-05-05 18:00:00,2025-05-08
"hossegor",0.177276611328125,"v10","heightAboveGround",NA,2025-05-05 18:00:00,2025-05-08
"aytre",284.254333496094,"t2m","heightAboveGround",NA,2025-05-05 18:00:00,2025-05-08
"saint_trojan",285.916442871094,"t2m","heightAboveGround",NA,2025-05-05 18:00:00,2025-05-08
"hossegor",284.798767089844,"t2m","heightAboveGround",NA,2025-05-05 18:00:00,2025-05-08
"aytre",281.378356933594,"d2m","heightAboveGround",NA,2025-05-05 18:00:00,2025-05-08
"saint_trojan",282.434509277344,"d2m","heightAboveGround",NA,2025-05-05 18:00:00,2025-05-08
"hossegor",280.737731933594,"d2m","heightAboveGround",NA,2025-05-05 18:00:00,2025-05-08
"aytre",101617.625,"msl","meanSea",NA,2025-05-05 18:00:00,2025-05-08
"saint_trojan",101601.875,"msl","meanSea",NA,2025-05-05 18:00:00,2025-05-08
"hossegor",101453.3125,"msl","meanSea",NA,2025-05-05 18:00:00,2025-05-08
