"ID","spot","date_UTC","maree","date_paris","jour","heure"
1,"aytre",2025-04-24,1.31100006226916,"2025-04-24 02:00:00 CEST","2025-04-24","02"
1,"aytre",2025-04-24 01:00:00,1.2950000615092,"2025-04-24 03:00:00 CEST","2025-04-24","03"
1,"aytre",2025-04-24 02:00:00,0.92600004398264,"2025-04-24 04:00:00 CEST","2025-04-24","04"
1,"aytre",2025-04-24 03:00:00,0.205000009736978,"2025-04-24 05:00:00 CEST","2025-04-24","05"
1,"aytre",2025-04-24 04:00:00,-0.810000038472936,"2025-04-24 06:00:00 CEST","2025-04-24","06"
1,"aytre",2025-04-24 05:00:00,-1.83600008720532,"2025-04-24 07:00:00 CEST","2025-04-24","07"
1,"aytre",2025-04-24 06:00:00,-2.44900011632126,"2025-04-24 08:00:00 CEST","2025-04-24","08"
1,"aytre",2025-04-24 07:00:00,-2.35000011161901,"2025-04-24 09:00:00 CEST","2025-04-24","09"
1,"aytre",2025-04-24 08:00:00,-1.70000008074567,"2025-04-24 10:00:00 CEST","2025-04-24","10"
1,"aytre",2025-04-24 09:00:00,-0.810000038472936,"2025-04-24 11:00:00 CEST","2025-04-24","11"
1,"aytre",2025-04-24 10:00:00,0.0260000012349337,"2025-04-24 12:00:00 CEST","2025-04-24","12"
1,"aytre",2025-04-24 11:00:00,0.699000033200718,"2025-04-24 13:00:00 CEST","2025-04-24","13"
1,"aytre",2025-04-24 12:00:00,1.20600005728193,"2025-04-24 14:00:00 CEST","2025-04-24","14"
1,"aytre",2025-04-24 13:00:00,1.41500006720889,"2025-04-24 15:00:00 CEST","2025-04-24","15"
1,"aytre",2025-04-24 14:00:00,1.17400005576201,"2025-04-24 16:00:00 CEST","2025-04-24","16"
1,"aytre",2025-04-24 15:00:00,0.51800002460368,"2025-04-24 17:00:00 CEST","2025-04-24","17"
1,"aytre",2025-04-24 16:00:00,-0.409000019426458,"2025-04-24 18:00:00 CEST","2025-04-24","18"
1,"aytre",2025-04-24 17:00:00,-1.43000006792136,"2025-04-24 19:00:00 CEST","2025-04-24","19"
1,"aytre",2025-04-24 18:00:00,-2.26300010748673,"2025-04-24 20:00:00 CEST","2025-04-24","20"
1,"aytre",2025-04-24 19:00:00,-2.4730001174612,"2025-04-24 21:00:00 CEST","2025-04-24","21"
1,"aytre",2025-04-24 20:00:00,-1.92800009157509,"2025-04-24 22:00:00 CEST","2025-04-24","22"
1,"aytre",2025-04-24 21:00:00,-0.975000046310015,"2025-04-24 23:00:00 CEST","2025-04-24","23"
1,"aytre",2025-04-24 22:00:00,-0.00600000028498471,"2025-04-25 00:00:00 CEST","2025-04-25","00"
1,"aytre",2025-04-24 23:00:00,0.789000037475489,"2025-04-25 01:00:00 CEST","2025-04-25","01"
1,"aytre",2025-04-25,1.42400006763637,"2025-04-25 02:00:00 CEST","2025-04-25","02"
1,"aytre",2025-04-25 01:00:00,1.76100008364301,"2025-04-25 03:00:00 CEST","2025-04-25","03"
1,"aytre",2025-04-25 02:00:00,1.59500007575843,"2025-04-25 04:00:00 CEST","2025-04-25","04"
1,"aytre",2025-04-25 03:00:00,0.946000044932589,"2025-04-25 05:00:00 CEST","2025-04-25","05"
1,"aytre",2025-04-25 04:00:00,-0.00800000037997961,"2025-04-25 06:00:00 CEST","2025-04-25","06"
1,"aytre",2025-04-25 05:00:00,-1.13300005381461,"2025-04-25 07:00:00 CEST","2025-04-25","07"
1,"aytre",2025-04-25 06:00:00,-2.2350001061568,"2025-04-25 08:00:00 CEST","2025-04-25","08"
1,"aytre",2025-04-25 07:00:00,-2.86900013627019,"2025-04-25 09:00:00 CEST","2025-04-25","09"
1,"aytre",2025-04-25 08:00:00,-2.65400012605824,"2025-04-25 10:00:00 CEST","2025-04-25","10"
1,"aytre",2025-04-25 09:00:00,-1.75300008326303,"2025-04-25 11:00:00 CEST","2025-04-25","11"
1,"aytre",2025-04-25 10:00:00,-0.658000031253323,"2025-04-25 12:00:00 CEST","2025-04-25","12"
1,"aytre",2025-04-25 11:00:00,0.300000014249235,"2025-04-25 13:00:00 CEST","2025-04-25","13"
1,"aytre",2025-04-25 12:00:00,1.07700005115476,"2025-04-25 14:00:00 CEST","2025-04-25","14"
1,"aytre",2025-04-25 13:00:00,1.64500007813331,"2025-04-25 15:00:00 CEST","2025-04-25","15"
1,"aytre",2025-04-25 14:00:00,1.78200008464046,"2025-04-25 16:00:00 CEST","2025-04-25","16"
1,"aytre",2025-04-25 15:00:00,1.30600006203167,"2025-04-25 17:00:00 CEST","2025-04-25","17"
1,"aytre",2025-04-25 16:00:00,0.360000017099082,"2025-04-25 18:00:00 CEST","2025-04-25","18"
1,"aytre",2025-04-25 17:00:00,-0.771000036620535,"2025-04-25 19:00:00 CEST","2025-04-25","19"
1,"aytre",2025-04-25 18:00:00,-1.90800009062514,"2025-04-25 20:00:00 CEST","2025-04-25","20"
1,"aytre",2025-04-25 19:00:00,-2.73900013009552,"2025-04-25 21:00:00 CEST","2025-04-25","21"
1,"aytre",2025-04-25 20:00:00,-2.79900013294537,"2025-04-25 22:00:00 CEST","2025-04-25","22"
1,"aytre",2025-04-25 21:00:00,-2.06600009812973,"2025-04-25 23:00:00 CEST","2025-04-25","23"
1,"aytre",2025-04-25 22:00:00,-0.953000045265071,"2025-04-26 00:00:00 CEST","2025-04-26","00"
1,"aytre",2025-04-25 23:00:00,0.167000007932074,"2025-04-26 01:00:00 CEST","2025-04-26","01"
1,"aytre",2025-04-26,1.10600005253218,"2025-04-26 02:00:00 CEST","2025-04-26","02"
1,"aytre",2025-04-26 01:00:00,1.81300008611288,"2025-04-26 03:00:00 CEST","2025-04-26","03"
1,"aytre",2025-04-26 02:00:00,2.10600010002963,"2025-04-26 04:00:00 CEST","2025-04-26","04"
1,"aytre",2025-04-26 03:00:00,1.75700008345302,"2025-04-26 05:00:00 CEST","2025-04-26","05"
1,"aytre",2025-04-26 04:00:00,0.840000039897859,"2025-04-26 06:00:00 CEST","2025-04-26","06"
1,"aytre",2025-04-26 05:00:00,-0.323000015341677,"2025-04-26 07:00:00 CEST","2025-04-26","07"
1,"aytre",2025-04-26 06:00:00,-1.56000007409602,"2025-04-26 08:00:00 CEST","2025-04-26","08"
1,"aytre",2025-04-26 07:00:00,-2.66500012658071,"2025-04-26 09:00:00 CEST","2025-04-26","09"
1,"aytre",2025-04-26 08:00:00,-3.17100015061442,"2025-04-26 10:00:00 CEST","2025-04-26","10"
1,"aytre",2025-04-26 09:00:00,-2.72900012962054,"2025-04-26 11:00:00 CEST","2025-04-26","11"
1,"aytre",2025-04-26 10:00:00,-1.62000007694587,"2025-04-26 12:00:00 CEST","2025-04-26","12"
1,"aytre",2025-04-26 11:00:00,-0.390000018524006,"2025-04-26 13:00:00 CEST","2025-04-26","13"
1,"aytre",2025-04-26 12:00:00,0.638000030303374,"2025-04-26 14:00:00 CEST","2025-04-26","14"
1,"aytre",2025-04-26 13:00:00,1.46800006972626,"2025-04-26 15:00:00 CEST","2025-04-26","15"
1,"aytre",2025-04-26 14:00:00,1.9610000931425,"2025-04-26 16:00:00 CEST","2025-04-26","16"
1,"aytre",2025-04-26 15:00:00,1.88700008962769,"2025-04-26 17:00:00 CEST","2025-04-26","17"
1,"aytre",2025-04-26 16:00:00,1.11200005281717,"2025-04-26 18:00:00 CEST","2025-04-26","18"
1,"aytre",2025-04-26 17:00:00,-0.0290000013774261,"2025-04-26 19:00:00 CEST","2025-04-26","19"
1,"aytre",2025-04-26 18:00:00,-1.27300006046426,"2025-04-26 20:00:00 CEST","2025-04-26","20"
1,"aytre",2025-04-26 19:00:00,-2.44500011613127,"2025-04-26 21:00:00 CEST","2025-04-26","21"
1,"aytre",2025-04-26 20:00:00,-3.18400015123188,"2025-04-26 22:00:00 CEST","2025-04-26","22"
1,"aytre",2025-04-26 21:00:00,-3.01300014310982,"2025-04-26 23:00:00 CEST","2025-04-26","23"
1,"aytre",2025-04-26 22:00:00,-2.02900009637233,"2025-04-27 00:00:00 CEST","2025-04-27","00"
1,"aytre",2025-04-26 23:00:00,-0.733000034815632,"2025-04-27 01:00:00 CEST","2025-04-27","01"
1,"aytre",2025-04-27,0.46300002199132,"2025-04-27 02:00:00 CEST","2025-04-27","02"
1,"aytre",2025-04-27 01:00:00,1.43900006834883,"2025-04-27 03:00:00 CEST","2025-04-27","03"
1,"aytre",2025-04-27 02:00:00,2.09600009955466,"2025-04-27 04:00:00 CEST","2025-04-27","04"
1,"aytre",2025-04-27 03:00:00,2.17600010335445,"2025-04-27 05:00:00 CEST","2025-04-27","05"
1,"aytre",2025-04-27 04:00:00,1.52100007224362,"2025-04-27 06:00:00 CEST","2025-04-27","06"
1,"aytre",2025-04-27 05:00:00,0.424000020138919,"2025-04-27 07:00:00 CEST","2025-04-27","07"
1,"aytre",2025-04-27 06:00:00,-0.808000038377941,"2025-04-27 08:00:00 CEST","2025-04-27","08"
1,"aytre",2025-04-27 07:00:00,-2.08300009893719,"2025-04-27 09:00:00 CEST","2025-04-27","09"
1,"aytre",2025-04-27 08:00:00,-3.12300014833454,"2025-04-27 10:00:00 CEST","2025-04-27","10"
1,"aytre",2025-04-27 09:00:00,-3.38600016082637,"2025-04-27 11:00:00 CEST","2025-04-27","11"
1,"aytre",2025-04-27 10:00:00,-2.63800012529828,"2025-04-27 12:00:00 CEST","2025-04-27","12"
1,"aytre",2025-04-27 11:00:00,-1.34600006393157,"2025-04-27 13:00:00 CEST","2025-04-27","13"
1,"aytre",2025-04-27 12:00:00,-0.0580000027548522,"2025-04-27 14:00:00 CEST","2025-04-27","14"
1,"aytre",2025-04-27 13:00:00,0.981000046595,"2025-04-27 15:00:00 CEST","2025-04-27","15"
1,"aytre",2025-04-27 14:00:00,1.76200008369051,"2025-04-27 16:00:00 CEST","2025-04-27","16"
1,"aytre",2025-04-27 15:00:00,2.08900009922218,"2025-04-27 17:00:00 CEST","2025-04-27","17"
1,"aytre",2025-04-27 16:00:00,1.75600008340552,"2025-04-27 18:00:00 CEST","2025-04-27","18"
1,"aytre",2025-04-27 17:00:00,0.756000035908073,"2025-04-27 19:00:00 CEST","2025-04-27","19"
1,"aytre",2025-04-27 18:00:00,-0.486000023083761,"2025-04-27 20:00:00 CEST","2025-04-27","20"
1,"aytre",2025-04-27 19:00:00,-1.79000008502044,"2025-04-27 21:00:00 CEST","2025-04-27","21"
1,"aytre",2025-04-27 20:00:00,-2.91900013864506,"2025-04-27 22:00:00 CEST","2025-04-27","22"
1,"aytre",2025-04-27 21:00:00,-3.47000016481616,"2025-04-27 23:00:00 CEST","2025-04-27","23"
1,"aytre",2025-04-27 22:00:00,-3.01300014310982,"2025-04-28 00:00:00 CEST","2025-04-28","00"
1,"aytre",2025-04-27 23:00:00,-1.8040000856854,"2025-04-28 01:00:00 CEST","2025-04-28","01"
1,"aytre",2025-04-28,-0.413000019616447,"2025-04-28 02:00:00 CEST","2025-04-28","02"
1,"aytre",2025-04-28 01:00:00,0.758000036003068,"2025-04-28 03:00:00 CEST","2025-04-28","03"
1,"aytre",2025-04-28 02:00:00,1.65700007870328,"2025-04-28 04:00:00 CEST","2025-04-28","04"
1,"aytre",2025-04-28 03:00:00,2.1960001043044,"2025-04-28 05:00:00 CEST","2025-04-28","05"
1,"aytre",2025-04-28 04:00:00,2.12500010093208,"2025-04-28 06:00:00 CEST","2025-04-28","06"
1,"aytre",2025-04-28 05:00:00,1.27300006046426,"2025-04-28 07:00:00 CEST","2025-04-28","07"
1,"aytre",2025-04-28 06:00:00,0.0670000031823292,"2025-04-28 08:00:00 CEST","2025-04-28","08"
1,"aytre",2025-04-28 07:00:00,-1.22800005832687,"2025-04-28 09:00:00 CEST","2025-04-28","09"
1,"aytre",2025-04-28 08:00:00,-2.46700011717621,"2025-04-28 10:00:00 CEST","2025-04-28","10"
1,"aytre",2025-04-28 09:00:00,-3.31600015750155,"2025-04-28 11:00:00 CEST","2025-04-28","11"
1,"aytre",2025-04-28 10:00:00,-3.23900015384424,"2025-04-28 12:00:00 CEST","2025-04-28","12"
1,"aytre",2025-04-28 11:00:00,-2.22000010544434,"2025-04-28 13:00:00 CEST","2025-04-28","13"
1,"aytre",2025-04-28 12:00:00,-0.831000039470382,"2025-04-28 14:00:00 CEST","2025-04-28","14"
1,"aytre",2025-04-28 13:00:00,0.411000019521452,"2025-04-28 15:00:00 CEST","2025-04-28","15"
1,"aytre",2025-04-28 14:00:00,1.37100006511901,"2025-04-28 16:00:00 CEST","2025-04-28","16"
1,"aytre",2025-04-28 15:00:00,2.03500009665731,"2025-04-28 17:00:00 CEST","2025-04-28","17"
1,"aytre",2025-04-28 16:00:00,2.159000102547,"2025-04-28 18:00:00 CEST","2025-04-28","18"
1,"aytre",2025-04-28 17:00:00,1.53400007286109,"2025-04-28 19:00:00 CEST","2025-04-28","19"
1,"aytre",2025-04-28 18:00:00,0.414000019663945,"2025-04-28 20:00:00 CEST","2025-04-28","20"
1,"aytre",2025-04-28 19:00:00,-0.851000040420331,"2025-04-28 21:00:00 CEST","2025-04-28","21"
1,"aytre",2025-04-28 20:00:00,-2.12600010097958,"2025-04-28 22:00:00 CEST","2025-04-28","22"
1,"aytre",2025-04-28 21:00:00,-3.13100014871452,"2025-04-28 23:00:00 CEST","2025-04-28","23"
1,"aytre",2025-04-28 22:00:00,-3.40900016191881,"2025-04-29 00:00:00 CEST","2025-04-29","00"
1,"aytre",2025-04-28 23:00:00,-2.67000012681819,"2025-04-29 01:00:00 CEST","2025-04-29","01"
1,"aytre",2025-04-29,-1.33200006326661,"2025-04-29 02:00:00 CEST","2025-04-29","02"
1,"aytre",2025-04-29 01:00:00,-0.00500000023748726,"2025-04-29 03:00:00 CEST","2025-04-29","03"
1,"aytre",2025-04-29 02:00:00,1.03600004920736,"2025-04-29 04:00:00 CEST","2025-04-29","04"
1,"aytre",2025-04-29 03:00:00,1.83400008711033,"2025-04-29 05:00:00 CEST","2025-04-29","05"
1,"aytre",2025-04-29 04:00:00,2.18300010368694,"2025-04-29 06:00:00 CEST","2025-04-29","06"
1,"aytre",2025-04-29 05:00:00,1.85500008810777,"2025-04-29 07:00:00 CEST","2025-04-29","07"
1,"aytre",2025-04-29 06:00:00,0.853000040515326,"2025-04-29 08:00:00 CEST","2025-04-29","08"
1,"aytre",2025-04-29 07:00:00,-0.356000016909093,"2025-04-29 09:00:00 CEST","2025-04-29","09"
1,"aytre",2025-04-29 08:00:00,-1.62500007718336,"2025-04-29 10:00:00 CEST","2025-04-29","10"
1,"aytre",2025-04-29 09:00:00,-2.746000130428,"2025-04-29 11:00:00 CEST","2025-04-29","11"
1,"aytre",2025-04-29 10:00:00,-3.31500015745405,"2025-04-29 12:00:00 CEST","2025-04-29","12"
1,"aytre",2025-04-29 11:00:00,-2.89200013736263,"2025-04-29 13:00:00 CEST","2025-04-29","13"
1,"aytre",2025-04-29 12:00:00,-1.72100008174311,"2025-04-29 14:00:00 CEST","2025-04-29","14"
1,"aytre",2025-04-29 13:00:00,-0.36900001752656,"2025-04-29 15:00:00 CEST","2025-04-29","15"
1,"aytre",2025-04-29 14:00:00,0.759000036050566,"2025-04-29 16:00:00 CEST","2025-04-29","16"
1,"aytre",2025-04-29 15:00:00,1.60000007599592,"2025-04-29 17:00:00 CEST","2025-04-29","17"
1,"aytre",2025-04-29 16:00:00,2.06400009803474,"2025-04-29 18:00:00 CEST","2025-04-29","18"
1,"aytre",2025-04-29 17:00:00,1.94100009219255,"2025-04-29 19:00:00 CEST","2025-04-29","19"
1,"aytre",2025-04-29 18:00:00,1.12500005343463,"2025-04-29 20:00:00 CEST","2025-04-29","20"
1,"aytre",2025-04-29 19:00:00,0.00800000037997961,"2025-04-29 21:00:00 CEST","2025-04-29","21"
1,"aytre",2025-04-29 20:00:00,-1.20800005737692,"2025-04-29 22:00:00 CEST","2025-04-29","22"
1,"aytre",2025-04-29 21:00:00,-2.39600011380389,"2025-04-29 23:00:00 CEST","2025-04-29","23"
1,"aytre",2025-04-29 22:00:00,-3.23900015384424,"2025-04-30 00:00:00 CEST","2025-04-30","00"
1,"aytre",2025-04-29 23:00:00,-3.20400015218183,"2025-04-30 01:00:00 CEST","2025-04-30","01"
1,"aytre",2025-04-30,-2.25300010701176,"2025-04-30 02:00:00 CEST","2025-04-30","02"
1,"aytre",2025-04-30 01:00:00,-0.91400004341267,"2025-04-30 03:00:00 CEST","2025-04-30","03"
1,"aytre",2025-04-30 02:00:00,0.304000014439225,"2025-04-30 04:00:00 CEST","2025-04-30","04"
1,"aytre",2025-04-30 03:00:00,1.23300005856436,"2025-04-30 05:00:00 CEST","2025-04-30","05"
1,"aytre",2025-04-30 04:00:00,1.86000008834526,"2025-04-30 06:00:00 CEST","2025-04-30","06"
1,"aytre",2025-04-30 05:00:00,1.97500009380747,"2025-04-30 07:00:00 CEST","2025-04-30","07"
1,"aytre",2025-04-30 06:00:00,1.44000006839633,"2025-04-30 08:00:00 CEST","2025-04-30","08"
1,"aytre",2025-04-30 07:00:00,0.460000021848828,"2025-04-30 09:00:00 CEST","2025-04-30","09"
1,"aytre",2025-04-30 08:00:00,-0.633000030065887,"2025-04-30 10:00:00 CEST","2025-04-30","10"
1,"aytre",2025-04-30 09:00:00,-1.77900008449797,"2025-04-30 11:00:00 CEST","2025-04-30","11"
1,"aytre",2025-04-30 10:00:00,-2.73000012966804,"2025-04-30 12:00:00 CEST","2025-04-30","12"
1,"aytre",2025-04-30 11:00:00,-3.00300014263485,"2025-04-30 13:00:00 CEST","2025-04-30","13"
1,"aytre",2025-04-30 12:00:00,-2.33800011104904,"2025-04-30 14:00:00 CEST","2025-04-30","14"
1,"aytre",2025-04-30 13:00:00,-1.12100005324464,"2025-04-30 15:00:00 CEST","2025-04-30","15"
1,"aytre",2025-04-30 14:00:00,0.104000004939735,"2025-04-30 16:00:00 CEST","2025-04-30","16"
1,"aytre",2025-04-30 15:00:00,1.04200004949234,"2025-04-30 17:00:00 CEST","2025-04-30","17"
1,"aytre",2025-04-30 16:00:00,1.7250000819331,"2025-04-30 18:00:00 CEST","2025-04-30","18"
1,"aytre",2025-04-30 17:00:00,1.98100009409245,"2025-04-30 19:00:00 CEST","2025-04-30","19"
1,"aytre",2025-04-30 18:00:00,1.63100007746834,"2025-04-30 20:00:00 CEST","2025-04-30","20"
1,"aytre",2025-04-30 19:00:00,0.752000035718083,"2025-04-30 21:00:00 CEST","2025-04-30","21"
1,"aytre",2025-04-30 20:00:00,-0.284000013489276,"2025-04-30 22:00:00 CEST","2025-04-30","22"
1,"aytre",2025-04-30 21:00:00,-1.38600006583147,"2025-04-30 23:00:00 CEST","2025-04-30","23"
1,"aytre",2025-04-30 22:00:00,-2.42300011508632,"2025-05-01 00:00:00 CEST","2025-05-01","00"
1,"aytre",2025-04-30 23:00:00,-3.03500014415476,"2025-05-01 01:00:00 CEST","2025-05-01","01"
1,"aytre",2025-05-01,-2.746000130428,"2025-05-01 02:00:00 CEST","2025-05-01","02"
1,"aytre",2025-05-01 01:00:00,-1.7260000819806,"2025-05-01 03:00:00 CEST","2025-05-01","03"
1,"aytre",2025-05-01 02:00:00,-0.517000024556182,"2025-05-01 04:00:00 CEST","2025-05-01","04"
1,"aytre",2025-05-01 03:00:00,0.486000023083761,"2025-05-01 05:00:00 CEST","2025-05-01","05"
1,"aytre",2025-05-01 04:00:00,1.21900005789939,"2025-05-01 06:00:00 CEST","2025-05-01","06"
1,"aytre",2025-05-01 05:00:00,1.64500007813331,"2025-05-01 07:00:00 CEST","2025-05-01","07"
1,"aytre",2025-05-01 06:00:00,1.59600007580593,"2025-05-01 08:00:00 CEST","2025-05-01","08"
1,"aytre",2025-05-01 07:00:00,0.97300004621502,"2025-05-01 09:00:00 CEST","2025-05-01","09"
1,"aytre",2025-05-01 08:00:00,0.0850000040372834,"2025-05-01 10:00:00 CEST","2025-05-01","10"
1,"aytre",2025-05-01 09:00:00,-0.898000042652711,"2025-05-01 11:00:00 CEST","2025-05-01","11"
1,"aytre",2025-05-01 10:00:00,-1.87700008915272,"2025-05-01 12:00:00 CEST","2025-05-01","12"
1,"aytre",2025-05-01 11:00:00,-2.62400012463331,"2025-05-01 13:00:00 CEST","2025-05-01","13"
1,"aytre",2025-05-01 12:00:00,-2.64700012572575,"2025-05-01 14:00:00 CEST","2025-05-01","14"
1,"aytre",2025-05-01 13:00:00,-1.85500008810777,"2025-05-01 15:00:00 CEST","2025-05-01","15"
1,"aytre",2025-05-01 14:00:00,-0.709000033675693,"2025-05-01 16:00:00 CEST","2025-05-01","16"
1,"aytre",2025-05-01 15:00:00,0.323000015341677,"2025-05-01 17:00:00 CEST","2025-05-01","17"
1,"aytre",2025-05-01 16:00:00,1.0610000503948,"2025-05-01 18:00:00 CEST","2025-05-01","18"
1,"aytre",2025-05-01 17:00:00,1.54300007328857,"2025-05-01 19:00:00 CEST","2025-05-01","19"
1,"aytre",2025-05-01 18:00:00,1.63300007756334,"2025-05-01 20:00:00 CEST","2025-05-01","20"
1,"aytre",2025-05-01 19:00:00,1.19000005652197,"2025-05-01 21:00:00 CEST","2025-05-01","21"
1,"aytre",2025-05-01 20:00:00,0.428000020328909,"2025-05-01 22:00:00 CEST","2025-05-01","22"
1,"aytre",2025-05-01 21:00:00,-0.480000022798777,"2025-05-01 23:00:00 CEST","2025-05-01","23"
1,"aytre",2025-05-01 22:00:00,-1.46400006953627,"2025-05-02 00:00:00 CEST","2025-05-02","00"
1,"aytre",2025-05-01 23:00:00,-2.3920001136139,"2025-05-02 01:00:00 CEST","2025-05-02","01"
1,"aytre",2025-05-02,-2.80300013313536,"2025-05-02 02:00:00 CEST","2025-05-02","02"
1,"aytre",2025-05-02 01:00:00,-2.31000010971911,"2025-05-02 03:00:00 CEST","2025-05-02","03"
1,"aytre",2025-05-02 02:00:00,-1.28500006103422,"2025-05-02 04:00:00 CEST","2025-05-02","04"
1,"aytre",2025-05-02 03:00:00,-0.256000012159348,"2025-05-02 05:00:00 CEST","2025-05-02","05"
1,"aytre",2025-05-02 04:00:00,0.490000023273751,"2025-05-02 06:00:00 CEST","2025-05-02","06"
1,"aytre",2025-05-02 05:00:00,1.02700004877988,"2025-05-02 07:00:00 CEST","2025-05-02","07"
1,"aytre",2025-05-02 06:00:00,1.31400006241165,"2025-05-02 08:00:00 CEST","2025-05-02","08"
1,"aytre",2025-05-02 07:00:00,1.19500005675945,"2025-05-02 09:00:00 CEST","2025-05-02","09"
1,"aytre",2025-05-02 08:00:00,0.670000031823292,"2025-05-02 10:00:00 CEST","2025-05-02","10"
1,"aytre",2025-05-02 09:00:00,-0.0580000027548522,"2025-05-02 11:00:00 CEST","2025-05-02","11"
1,"aytre",2025-05-02 10:00:00,-0.878000041702762,"2025-05-02 12:00:00 CEST","2025-05-02","12"
1,"aytre",2025-05-02 11:00:00,-1.7260000819806,"2025-05-02 13:00:00 CEST","2025-05-02","13"
1,"aytre",2025-05-02 12:00:00,-2.30000010924414,"2025-05-02 14:00:00 CEST","2025-05-02","14"
1,"aytre",2025-05-02 13:00:00,-2.13600010145456,"2025-05-02 15:00:00 CEST","2025-05-02","15"
1,"aytre",2025-05-02 14:00:00,-1.34400006383657,"2025-05-02 16:00:00 CEST","2025-05-02","16"
1,"aytre",2025-05-02 15:00:00,-0.376000017859042,"2025-05-02 17:00:00 CEST","2025-05-02","17"
1,"aytre",2025-05-02 16:00:00,0.426000020233914,"2025-05-02 18:00:00 CEST","2025-05-02","18"
1,"aytre",2025-05-02 17:00:00,1.00800004787743,"2025-05-02 19:00:00 CEST","2025-05-02","19"
1,"aytre",2025-05-02 18:00:00,1.35300006426405,"2025-05-02 20:00:00 CEST","2025-05-02","20"
1,"aytre",2025-05-02 19:00:00,1.30400006193668,"2025-05-02 21:00:00 CEST","2025-05-02","21"
1,"aytre",2025-05-02 20:00:00,0.881000041845255,"2025-05-02 22:00:00 CEST","2025-05-02","22"
1,"aytre",2025-05-02 21:00:00,0.287000013631769,"2025-05-02 23:00:00 CEST","2025-05-02","23"
1,"aytre",2025-05-02 22:00:00,-0.417000019806437,"2025-05-03 00:00:00 CEST","2025-05-03","00"
1,"aytre",2025-05-02 23:00:00,-1.26200005994178,"2025-05-03 01:00:00 CEST","2025-05-03","01"
1,"aytre",2025-05-03,-2.07500009855721,"2025-05-03 02:00:00 CEST","2025-05-03","02"
1,"aytre",2025-05-03 01:00:00,-2.3550001118565,"2025-05-03 03:00:00 CEST","2025-05-03","03"
1,"aytre",2025-05-03 02:00:00,-1.86500008858275,"2025-05-03 04:00:00 CEST","2025-05-03","04"
1,"aytre",2025-05-03 03:00:00,-1.01300004811492,"2025-05-03 05:00:00 CEST","2025-05-03","05"
1,"aytre",2025-05-03 04:00:00,-0.20000000949949,"2025-05-03 06:00:00 CEST","2025-05-03","06"
1,"aytre",2025-05-03 05:00:00,0.385000018286519,"2025-05-03 07:00:00 CEST","2025-05-03","07"
1,"aytre",2025-05-03 06:00:00,0.76900003652554,"2025-05-03 08:00:00 CEST","2025-05-03","08"
1,"aytre",2025-05-03 07:00:00,0.93000004417263,"2025-05-03 09:00:00 CEST","2025-05-03","09"
1,"aytre",2025-05-03 08:00:00,0.783000037190504,"2025-05-03 10:00:00 CEST","2025-05-03","10"
1,"aytre",2025-05-03 09:00:00,0.424000020138919,"2025-05-03 11:00:00 CEST","2025-05-03","11"
1,"aytre",2025-05-03 10:00:00,-0.0810000038472936,"2025-05-03 12:00:00 CEST","2025-05-03","12"
1,"aytre",2025-05-03 11:00:00,-0.750000035623088,"2025-05-03 13:00:00 CEST","2025-05-03","13"
1,"aytre",2025-05-03 12:00:00,-1.48100007034373,"2025-05-03 14:00:00 CEST","2025-05-03","14"
1,"aytre",2025-05-03 13:00:00,-1.92500009143259,"2025-05-03 15:00:00 CEST","2025-05-03","15"
1,"aytre",2025-05-03 14:00:00,-1.7260000819806,"2025-05-03 16:00:00 CEST","2025-05-03","16"
1,"aytre",2025-05-03 15:00:00,-1.04700004972983,"2025-05-03 17:00:00 CEST","2025-05-03","17"
1,"aytre",2025-05-03 16:00:00,-0.244000011589378,"2025-05-03 18:00:00 CEST","2025-05-03","18"
1,"aytre",2025-05-03 17:00:00,0.387000018381514,"2025-05-03 19:00:00 CEST","2025-05-03","19"
1,"aytre",2025-05-03 18:00:00,0.81200003856793,"2025-05-03 20:00:00 CEST","2025-05-03","20"
1,"aytre",2025-05-03 19:00:00,1.03300004906487,"2025-05-03 21:00:00 CEST","2025-05-03","21"
1,"aytre",2025-05-03 20:00:00,0.976000046357512,"2025-05-03 22:00:00 CEST","2025-05-03","22"
1,"aytre",2025-05-03 21:00:00,0.723000034340657,"2025-05-03 23:00:00 CEST","2025-05-03","23"
1,"aytre",2025-05-03 22:00:00,0.316000015009195,"2025-05-04 00:00:00 CEST","2025-05-04","00"
1,"aytre",2025-05-03 23:00:00,-0.275000013061799,"2025-05-04 01:00:00 CEST","2025-05-04","01"
1,"aytre",2025-05-04,-1.05200004996732,"2025-05-04 02:00:00 CEST","2025-05-04","02"
1,"aytre",2025-05-04 01:00:00,-1.79400008521043,"2025-05-04 03:00:00 CEST","2025-05-04","03"
1,"aytre",2025-05-04 02:00:00,-2.04400009708479,"2025-05-04 04:00:00 CEST","2025-05-04","04"
1,"aytre",2025-05-04 03:00:00,-1.62900007737335,"2025-05-04 05:00:00 CEST","2025-05-04","05"
1,"aytre",2025-05-04 04:00:00,-0.92200004379265,"2025-05-04 06:00:00 CEST","2025-05-04","06"
1,"aytre",2025-05-04 05:00:00,-0.271000012871809,"2025-05-04 07:00:00 CEST","2025-05-04","07"
1,"aytre",2025-05-04 06:00:00,0.158000007504597,"2025-05-04 08:00:00 CEST","2025-05-04","08"
1,"aytre",2025-05-04 07:00:00,0.452000021468848,"2025-05-04 09:00:00 CEST","2025-05-04","09"
1,"aytre",2025-05-04 08:00:00,0.640000030398369,"2025-05-04 10:00:00 CEST","2025-05-04","10"
1,"aytre",2025-05-04 09:00:00,0.630000029923394,"2025-05-04 11:00:00 CEST","2025-05-04","11"
1,"aytre",2025-05-04 10:00:00,0.470000022323802,"2025-05-04 12:00:00 CEST","2025-05-04","12"
1,"aytre",2025-05-04 11:00:00,0.0870000041322783,"2025-05-04 13:00:00 CEST","2025-05-04","13"
1,"aytre",2025-05-04 12:00:00,-0.52200002479367,"2025-05-04 14:00:00 CEST","2025-05-04","14"
1,"aytre",2025-05-04 13:00:00,-1.19700005685445,"2025-05-04 15:00:00 CEST","2025-05-04","15"
1,"aytre",2025-05-04 14:00:00,-1.62100007699337,"2025-05-04 16:00:00 CEST","2025-05-04","16"
1,"aytre",2025-05-04 15:00:00,-1.51100007176865,"2025-05-04 17:00:00 CEST","2025-05-04","17"
1,"aytre",2025-05-04 16:00:00,-0.974000046262518,"2025-05-04 18:00:00 CEST","2025-05-04","18"
1,"aytre",2025-05-04 17:00:00,-0.313000014866702,"2025-05-04 19:00:00 CEST","2025-05-04","19"
1,"aytre",2025-05-04 18:00:00,0.202000009594485,"2025-05-04 20:00:00 CEST","2025-05-04","20"
1,"aytre",2025-05-04 19:00:00,0.545000025886111,"2025-05-04 21:00:00 CEST","2025-05-04","21"
1,"aytre",2025-05-04 20:00:00,0.770000036573038,"2025-05-04 22:00:00 CEST","2025-05-04","22"
1,"aytre",2025-05-04 21:00:00,0.8240000391379,"2025-05-04 23:00:00 CEST","2025-05-04","23"
1,"aytre",2025-05-04 22:00:00,0.746000035433099,"2025-05-05 00:00:00 CEST","2025-05-05","00"
1,"aytre",2025-05-04 23:00:00,0.482000022893772,"2025-05-05 01:00:00 CEST","2025-05-05","01"
1,"aytre",2025-05-05,-0.0400000018998981,"2025-05-05 02:00:00 CEST","2025-05-05","02"
1,"aytre",2025-05-05 01:00:00,-0.775000036810525,"2025-05-05 03:00:00 CEST","2025-05-05","03"
1,"aytre",2025-05-05 02:00:00,-1.50500007148366,"2025-05-05 04:00:00 CEST","2025-05-05","04"
1,"aytre",2025-05-05 03:00:00,-1.8430000875378,"2025-05-05 05:00:00 CEST","2025-05-05","05"
1,"aytre",2025-05-05 04:00:00,-1.6070000763284,"2025-05-05 06:00:00 CEST","2025-05-05","06"
1,"aytre",2025-05-05 05:00:00,-1.05400005006231,"2025-05-05 07:00:00 CEST","2025-05-05","07"
1,"aytre",2025-05-05 06:00:00,-0.503000023891218,"2025-05-05 08:00:00 CEST","2025-05-05","08"
1,"aytre",2025-05-05 07:00:00,-0.133000006317161,"2025-05-05 09:00:00 CEST","2025-05-05","09"
1,"aytre",2025-05-05 08:00:00,0.170000008074567,"2025-05-05 10:00:00 CEST","2025-05-05","10"
1,"aytre",2025-05-05 09:00:00,0.442000020993873,"2025-05-05 11:00:00 CEST","2025-05-05","11"
1,"aytre",2025-05-05 10:00:00,0.576000027358532,"2025-05-05 12:00:00 CEST","2025-05-05","12"
1,"aytre",2025-05-05 11:00:00,0.531000025221147,"2025-05-05 13:00:00 CEST","2025-05-05","13"
1,"aytre",2025-05-05 12:00:00,0.206000009784475,"2025-05-05 14:00:00 CEST","2025-05-05","14"
1,"aytre",2025-05-05 13:00:00,-0.380000018049031,"2025-05-05 15:00:00 CEST","2025-05-05","15"
1,"aytre",2025-05-05 14:00:00,-1.0600000503473,"2025-05-05 16:00:00 CEST","2025-05-05","16"
1,"aytre",2025-05-05 15:00:00,-1.52800007257611,"2025-05-05 17:00:00 CEST","2025-05-05","17"
1,"aytre",2025-05-05 16:00:00,-1.51700007205363,"2025-05-05 18:00:00 CEST","2025-05-05","18"
1,"aytre",2025-05-05 17:00:00,-1.11500005295966,"2025-05-05 19:00:00 CEST","2025-05-05","19"
1,"aytre",2025-05-05 18:00:00,-0.548000026028603,"2025-05-05 20:00:00 CEST","2025-05-05","20"
1,"aytre",2025-05-05 19:00:00,-0.0700000033248216,"2025-05-05 21:00:00 CEST","2025-05-05","21"
1,"aytre",2025-05-05 20:00:00,0.287000013631769,"2025-05-05 22:00:00 CEST","2025-05-05","22"
1,"aytre",2025-05-05 21:00:00,0.584000027738512,"2025-05-05 23:00:00 CEST","2025-05-05","23"
1,"aytre",2025-05-05 22:00:00,0.781000037095509,"2025-05-06 00:00:00 CEST","2025-05-06","00"
1,"aytre",2025-05-05 23:00:00,0.846000040182844,"2025-05-06 01:00:00 CEST","2025-05-06","01"
1,"aytre",2025-05-06,0.674000032013282,"2025-05-06 02:00:00 CEST","2025-05-06","02"
1,"aytre",2025-05-06 01:00:00,0.165000007837079,"2025-05-06 03:00:00 CEST","2025-05-06","03"
1,"aytre",2025-05-06 02:00:00,-0.61600002925843,"2025-05-06 04:00:00 CEST","2025-05-06","04"
1,"aytre",2025-05-06 03:00:00,-1.39500006625894,"2025-05-06 05:00:00 CEST","2025-05-06","05"
1,"aytre",2025-05-06 04:00:00,-1.77900008449797,"2025-05-06 06:00:00 CEST","2025-05-06","06"
1,"aytre",2025-05-06 05:00:00,-1.63700007775333,"2025-05-06 07:00:00 CEST","2025-05-06","07"
1,"aytre",2025-05-06 06:00:00,-1.19700005685445,"2025-05-06 08:00:00 CEST","2025-05-06","08"
1,"aytre",2025-05-06 07:00:00,-0.680000032298267,"2025-05-06 09:00:00 CEST","2025-05-06","09"
1,"aytre",2025-05-06 08:00:00,-0.266000012634322,"2025-05-06 10:00:00 CEST","2025-05-06","10"
1,"aytre",2025-05-06 09:00:00,0.117000005557202,"2025-05-06 11:00:00 CEST","2025-05-06","11"
1,"aytre",2025-05-06 10:00:00,0.511000024271198,"2025-05-06 12:00:00 CEST","2025-05-06","12"
1,"aytre",2025-05-06 11:00:00,0.767000036430545,"2025-05-06 13:00:00 CEST","2025-05-06","13"
1,"aytre",2025-05-06 12:00:00,0.771000036620535,"2025-05-06 14:00:00 CEST","2025-05-06","14"
1,"aytre",2025-05-06 13:00:00,0.435000020661391,"2025-05-06 15:00:00 CEST","2025-05-06","15"
1,"aytre",2025-05-06 14:00:00,-0.210000009974465,"2025-05-06 16:00:00 CEST","2025-05-06","16"
1,"aytre",2025-05-06 15:00:00,-0.946000044932589,"2025-05-06 17:00:00 CEST","2025-05-06","17"
1,"aytre",2025-05-06 16:00:00,-1.48500007053372,"2025-05-06 18:00:00 CEST","2025-05-06","18"
1,"aytre",2025-05-06 17:00:00,-1.57600007485598,"2025-05-06 19:00:00 CEST","2025-05-06","19"
1,"aytre",2025-05-06 18:00:00,-1.25900005979929,"2025-05-06 20:00:00 CEST","2025-05-06","20"
1,"aytre",2025-05-06 19:00:00,-0.721000034245662,"2025-05-06 21:00:00 CEST","2025-05-06","21"
1,"aytre",2025-05-06 20:00:00,-0.191000009072013,"2025-05-06 22:00:00 CEST","2025-05-06","22"
1,"aytre",2025-05-06 21:00:00,0.237000011256896,"2025-05-06 23:00:00 CEST","2025-05-06","23"
1,"aytre",2025-05-06 22:00:00,0.640000030398369,"2025-05-07 00:00:00 CEST","2025-05-07","00"
1,"aytre",2025-05-06 23:00:00,0.962000045692548,"2025-05-07 01:00:00 CEST","2025-05-07","01"
1,"aytre",2025-05-07,1.07500005105976,"2025-05-07 02:00:00 CEST","2025-05-07","02"
1,"aytre",2025-05-07 01:00:00,0.849000040325336,"2025-05-07 03:00:00 CEST","2025-05-07","03"
1,"aytre",2025-05-07 02:00:00,0.21200001006946,"2025-05-07 04:00:00 CEST","2025-05-07","04"
1,"aytre",2025-05-07 03:00:00,-0.642000030493364,"2025-05-07 05:00:00 CEST","2025-05-07","05"
1,"aytre",2025-05-07 04:00:00,-1.42800006782636,"2025-05-07 06:00:00 CEST","2025-05-07","06"
1,"aytre",2025-05-07 05:00:00,-1.86700008867774,"2025-05-07 07:00:00 CEST","2025-05-07","07"
1,"aytre",2025-05-07 06:00:00,-1.79200008511543,"2025-05-07 08:00:00 CEST","2025-05-07","08"
1,"aytre",2025-05-07 07:00:00,-1.36300006473903,"2025-05-07 09:00:00 CEST","2025-05-07","09"
1,"aytre",2025-05-07 08:00:00,-0.802000038092956,"2025-05-07 10:00:00 CEST","2025-05-07","10"
1,"aytre",2025-05-07 09:00:00,-0.297000014106743,"2025-05-07 11:00:00 CEST","2025-05-07","11"
1,"aytre",2025-05-07 10:00:00,0.176000008359551,"2025-05-07 12:00:00 CEST","2025-05-07","12"
1,"aytre",2025-05-07 11:00:00,0.66300003149081,"2025-05-07 13:00:00 CEST","2025-05-07","13"
1,"aytre",2025-05-07 12:00:00,0.988000046927482,"2025-05-07 14:00:00 CEST","2025-05-07","14"
1,"aytre",2025-05-07 13:00:00,0.964000045787543,"2025-05-07 15:00:00 CEST","2025-05-07","15"
1,"aytre",2025-05-07 14:00:00,0.500000023748726,"2025-05-07 16:00:00 CEST","2025-05-07","16"
1,"aytre",2025-05-07 15:00:00,-0.297000014106743,"2025-05-07 17:00:00 CEST","2025-05-07","17"
1,"aytre",2025-05-07 16:00:00,-1.11800005310215,"2025-05-07 18:00:00 CEST","2025-05-07","18"
1,"aytre",2025-05-07 17:00:00,-1.70500008098315,"2025-05-07 19:00:00 CEST","2025-05-07","19"
1,"aytre",2025-05-07 18:00:00,-1.84200008749031,"2025-05-07 20:00:00 CEST","2025-05-07","20"
1,"aytre",2025-05-07 19:00:00,-1.51500007195864,"2025-05-07 21:00:00 CEST","2025-05-07","21"
1,"aytre",2025-05-07 20:00:00,-0.916000043507665,"2025-05-07 22:00:00 CEST","2025-05-07","22"
1,"aytre",2025-05-07 21:00:00,-0.297000014106743,"2025-05-07 23:00:00 CEST","2025-05-07","23"
1,"aytre",2025-05-07 22:00:00,0.21200001006946,"2025-05-08 00:00:00 CEST","2025-05-08","00"
1,"aytre",2025-05-07 23:00:00,0.706000033533201,"2025-05-08 01:00:00 CEST","2025-05-08","01"
2,"saint_trojan",2025-04-24,1.15900005504955,"2025-04-24 02:00:00 CEST","2025-04-24","02"
2,"saint_trojan",2025-04-24 01:00:00,1.08600005158223,"2025-04-24 03:00:00 CEST","2025-04-24","03"
2,"saint_trojan",2025-04-24 02:00:00,0.662000031443313,"2025-04-24 04:00:00 CEST","2025-04-24","04"
2,"saint_trojan",2025-04-24 03:00:00,-0.100000004749745,"2025-04-24 05:00:00 CEST","2025-04-24","05"
2,"saint_trojan",2025-04-24 04:00:00,-1.02800004882738,"2025-04-24 06:00:00 CEST","2025-04-24","06"
2,"saint_trojan",2025-04-24 05:00:00,-1.81800008635037,"2025-04-24 07:00:00 CEST","2025-04-24","07"
2,"saint_trojan",2025-04-24 06:00:00,-2.12500010093208,"2025-04-24 08:00:00 CEST","2025-04-24","08"
2,"saint_trojan",2025-04-24 07:00:00,-1.95400009281002,"2025-04-24 09:00:00 CEST","2025-04-24","09"
2,"saint_trojan",2025-04-24 08:00:00,-1.40400006668642,"2025-04-24 10:00:00 CEST","2025-04-24","10"
2,"saint_trojan",2025-04-24 09:00:00,-0.706000033533201,"2025-04-24 11:00:00 CEST","2025-04-24","11"
2,"saint_trojan",2025-04-24 10:00:00,0.0300000014249235,"2025-04-24 12:00:00 CEST","2025-04-24","12"
2,"saint_trojan",2025-04-24 11:00:00,0.66300003149081,"2025-04-24 13:00:00 CEST","2025-04-24","13"
2,"saint_trojan",2025-04-24 12:00:00,1.08500005153473,"2025-04-24 14:00:00 CEST","2025-04-24","14"
2,"saint_trojan",2025-04-24 13:00:00,1.1770000559045,"2025-04-24 15:00:00 CEST","2025-04-24","15"
2,"saint_trojan",2025-04-24 14:00:00,0.902000042842701,"2025-04-24 16:00:00 CEST","2025-04-24","16"
2,"saint_trojan",2025-04-24 15:00:00,0.252000011969358,"2025-04-24 17:00:00 CEST","2025-04-24","17"
2,"saint_trojan",2025-04-24 16:00:00,-0.633000030065887,"2025-04-24 18:00:00 CEST","2025-04-24","18"
2,"saint_trojan",2025-04-24 17:00:00,-1.52800007257611,"2025-04-24 19:00:00 CEST","2025-04-24","19"
2,"saint_trojan",2025-04-24 18:00:00,-2.06100009789225,"2025-04-24 20:00:00 CEST","2025-04-24","20"
2,"saint_trojan",2025-04-24 19:00:00,-2.0010000950424,"2025-04-24 21:00:00 CEST","2025-04-24","21"
2,"saint_trojan",2025-04-24 20:00:00,-1.50100007129367,"2025-04-24 22:00:00 CEST","2025-04-24","22"
2,"saint_trojan",2025-04-24 21:00:00,-0.770000036573038,"2025-04-24 23:00:00 CEST","2025-04-24","23"
2,"saint_trojan",2025-04-24 22:00:00,0.0450000021373853,"2025-04-25 00:00:00 CEST","2025-04-25","00"
2,"saint_trojan",2025-04-24 23:00:00,0.799000037950464,"2025-04-25 01:00:00 CEST","2025-04-25","01"
2,"saint_trojan",2025-04-25,1.32100006274413,"2025-04-25 02:00:00 CEST","2025-04-25","02"
2,"saint_trojan",2025-04-25 01:00:00,1.50000007124618,"2025-04-25 03:00:00 CEST","2025-04-25","03"
2,"saint_trojan",2025-04-25 02:00:00,1.30500006198417,"2025-04-25 04:00:00 CEST","2025-04-25","04"
2,"saint_trojan",2025-04-25 03:00:00,0.666000031633303,"2025-04-25 05:00:00 CEST","2025-04-25","05"
2,"saint_trojan",2025-04-25 04:00:00,-0.286000013584271,"2025-04-25 06:00:00 CEST","2025-04-25","06"
2,"saint_trojan",2025-04-25 05:00:00,-1.36300006473903,"2025-04-25 07:00:00 CEST","2025-04-25","07"
2,"saint_trojan",2025-04-25 06:00:00,-2.22200010553934,"2025-04-25 08:00:00 CEST","2025-04-25","08"
2,"saint_trojan",2025-04-25 07:00:00,-2.47600011760369,"2025-04-25 09:00:00 CEST","2025-04-25","09"
2,"saint_trojan",2025-04-25 08:00:00,-2.11100010026712,"2025-04-25 10:00:00 CEST","2025-04-25","10"
2,"saint_trojan",2025-04-25 09:00:00,-1.40000006649643,"2025-04-25 11:00:00 CEST","2025-04-25","11"
2,"saint_trojan",2025-04-25 10:00:00,-0.529000025126152,"2025-04-25 12:00:00 CEST","2025-04-25","12"
2,"saint_trojan",2025-04-25 11:00:00,0.337000016006641,"2025-04-25 13:00:00 CEST","2025-04-25","13"
2,"saint_trojan",2025-04-25 12:00:00,1.05700005020481,"2025-04-25 14:00:00 CEST","2025-04-25","14"
2,"saint_trojan",2025-04-25 13:00:00,1.46200006944127,"2025-04-25 15:00:00 CEST","2025-04-25","15"
2,"saint_trojan",2025-04-25 14:00:00,1.44400006858632,"2025-04-25 16:00:00 CEST","2025-04-25","16"
2,"saint_trojan",2025-04-25 15:00:00,0.953000045265071,"2025-04-25 17:00:00 CEST","2025-04-25","17"
2,"saint_trojan",2025-04-25 16:00:00,0.0740000035148114,"2025-04-25 18:00:00 CEST","2025-04-25","18"
2,"saint_trojan",2025-04-25 17:00:00,-1.00400004768744,"2025-04-25 19:00:00 CEST","2025-04-25","19"
2,"saint_trojan",2025-04-25 18:00:00,-1.99400009470992,"2025-04-25 20:00:00 CEST","2025-04-25","20"
2,"saint_trojan",2025-04-25 19:00:00,-2.45900011679623,"2025-04-25 21:00:00 CEST","2025-04-25","21"
2,"saint_trojan",2025-04-25 20:00:00,-2.26400010753423,"2025-04-25 22:00:00 CEST","2025-04-25","22"
2,"saint_trojan",2025-04-25 21:00:00,-1.61300007661339,"2025-04-25 23:00:00 CEST","2025-04-25","23"
2,"saint_trojan",2025-04-25 22:00:00,-0.71000003372319,"2025-04-26 00:00:00 CEST","2025-04-26","00"
2,"saint_trojan",2025-04-25 23:00:00,0.25900001230184,"2025-04-26 01:00:00 CEST","2025-04-26","01"
2,"saint_trojan",2025-04-26,1.09400005196221,"2025-04-26 02:00:00 CEST","2025-04-26","02"
2,"saint_trojan",2025-04-26 01:00:00,1.64400007808581,"2025-04-26 03:00:00 CEST","2025-04-26","03"
2,"saint_trojan",2025-04-26 02:00:00,1.75500008335803,"2025-04-26 04:00:00 CEST","2025-04-26","04"
2,"saint_trojan",2025-04-26 03:00:00,1.36700006492902,"2025-04-26 05:00:00 CEST","2025-04-26","05"
2,"saint_trojan",2025-04-26 04:00:00,0.5100000242237,"2025-04-26 06:00:00 CEST","2025-04-26","06"
2,"saint_trojan",2025-04-26 05:00:00,-0.605000028735958,"2025-04-26 07:00:00 CEST","2025-04-26","07"
2,"saint_trojan",2025-04-26 06:00:00,-1.80100008554291,"2025-04-26 08:00:00 CEST","2025-04-26","08"
2,"saint_trojan",2025-04-26 07:00:00,-2.60800012387335,"2025-04-26 09:00:00 CEST","2025-04-26","09"
2,"saint_trojan",2025-04-26 08:00:00,-2.68600012757815,"2025-04-26 10:00:00 CEST","2025-04-26","10"
2,"saint_trojan",2025-04-26 09:00:00,-2.14400010183454,"2025-04-26 11:00:00 CEST","2025-04-26","11"
2,"saint_trojan",2025-04-26 10:00:00,-1.26200005994178,"2025-04-26 12:00:00 CEST","2025-04-26","12"
2,"saint_trojan",2025-04-26 11:00:00,-0.262000012444332,"2025-04-26 13:00:00 CEST","2025-04-26","13"
2,"saint_trojan",2025-04-26 12:00:00,0.678000032203272,"2025-04-26 14:00:00 CEST","2025-04-26","14"
2,"saint_trojan",2025-04-26 13:00:00,1.37700006540399,"2025-04-26 15:00:00 CEST","2025-04-26","15"
2,"saint_trojan",2025-04-26 14:00:00,1.67300007946324,"2025-04-26 16:00:00 CEST","2025-04-26","16"
2,"saint_trojan",2025-04-26 15:00:00,1.46000006934628,"2025-04-26 17:00:00 CEST","2025-04-26","17"
2,"saint_trojan",2025-04-26 16:00:00,0.750000035623088,"2025-04-26 18:00:00 CEST","2025-04-26","18"
2,"saint_trojan",2025-04-26 17:00:00,-0.322000015294179,"2025-04-26 19:00:00 CEST","2025-04-26","19"
2,"saint_trojan",2025-04-26 18:00:00,-1.52800007257611,"2025-04-26 20:00:00 CEST","2025-04-26","20"
2,"saint_trojan",2025-04-26 19:00:00,-2.50200011883862,"2025-04-26 21:00:00 CEST","2025-04-26","21"
2,"saint_trojan",2025-04-26 20:00:00,-2.80900013342034,"2025-04-26 22:00:00 CEST","2025-04-26","22"
2,"saint_trojan",2025-04-26 21:00:00,-2.41100011451636,"2025-04-26 23:00:00 CEST","2025-04-26","23"
2,"saint_trojan",2025-04-26 22:00:00,-1.56000007409602,"2025-04-27 00:00:00 CEST","2025-04-27","00"
2,"saint_trojan",2025-04-26 23:00:00,-0.508000024128705,"2025-04-27 01:00:00 CEST","2025-04-27","01"
2,"saint_trojan",2025-04-27,0.548000026028603,"2025-04-27 02:00:00 CEST","2025-04-27","02"
2,"saint_trojan",2025-04-27 01:00:00,1.39000006602146,"2025-04-27 03:00:00 CEST","2025-04-27","03"
2,"saint_trojan",2025-04-27 02:00:00,1.82600008673035,"2025-04-27 04:00:00 CEST","2025-04-27","04"
2,"saint_trojan",2025-04-27 03:00:00,1.7280000820756,"2025-04-27 05:00:00 CEST","2025-04-27","05"
2,"saint_trojan",2025-04-27 04:00:00,1.16100005514454,"2025-04-27 06:00:00 CEST","2025-04-27","06"
2,"saint_trojan",2025-04-27 05:00:00,0.135000006412156,"2025-04-27 07:00:00 CEST","2025-04-27","07"
2,"saint_trojan",2025-04-27 06:00:00,-1.11200005281717,"2025-04-27 08:00:00 CEST","2025-04-27","08"
2,"saint_trojan",2025-04-27 07:00:00,-2.29600010905415,"2025-04-27 09:00:00 CEST","2025-04-27","09"
2,"saint_trojan",2025-04-27 08:00:00,-2.94100013969,"2025-04-27 10:00:00 CEST","2025-04-27","10"
2,"saint_trojan",2025-04-27 09:00:00,-2.78200013213791,"2025-04-27 11:00:00 CEST","2025-04-27","11"
2,"saint_trojan",2025-04-27 10:00:00,-2.05300009751227,"2025-04-27 12:00:00 CEST","2025-04-27","12"
2,"saint_trojan",2025-04-27 11:00:00,-1.03200004901737,"2025-04-27 13:00:00 CEST","2025-04-27","13"
2,"saint_trojan",2025-04-27 12:00:00,0.0500000023748726,"2025-04-27 14:00:00 CEST","2025-04-27","14"
2,"saint_trojan",2025-04-27 13:00:00,0.978000046452507,"2025-04-27 15:00:00 CEST","2025-04-27","15"
2,"saint_trojan",2025-04-27 14:00:00,1.58600007533096,"2025-04-27 16:00:00 CEST","2025-04-27","16"
2,"saint_trojan",2025-04-27 15:00:00,1.71800008160062,"2025-04-27 17:00:00 CEST","2025-04-27","17"
2,"saint_trojan",2025-04-27 16:00:00,1.31500006245915,"2025-04-27 18:00:00 CEST","2025-04-27","18"
2,"saint_trojan",2025-04-27 17:00:00,0.410000019473955,"2025-04-27 19:00:00 CEST","2025-04-27","19"
2,"saint_trojan",2025-04-27 18:00:00,-0.790000037522987,"2025-04-27 20:00:00 CEST","2025-04-27","20"
2,"saint_trojan",2025-04-27 19:00:00,-2.02300009608734,"2025-04-27 21:00:00 CEST","2025-04-27","21"
2,"saint_trojan",2025-04-27 20:00:00,-2.88400013698265,"2025-04-27 22:00:00 CEST","2025-04-27","22"
2,"saint_trojan",2025-04-27 21:00:00,-2.97300014120992,"2025-04-27 23:00:00 CEST","2025-04-27","23"
2,"saint_trojan",2025-04-27 22:00:00,-2.36400011228397,"2025-04-28 00:00:00 CEST","2025-04-28","00"
2,"saint_trojan",2025-04-27 23:00:00,-1.35900006454904,"2025-04-28 01:00:00 CEST","2025-04-28","01"
2,"saint_trojan",2025-04-28,-0.227000010781921,"2025-04-28 02:00:00 CEST","2025-04-28","02"
2,"saint_trojan",2025-04-28 01:00:00,0.802000038092956,"2025-04-28 03:00:00 CEST","2025-04-28","03"
2,"saint_trojan",2025-04-28 02:00:00,1.56500007433351,"2025-04-28 04:00:00 CEST","2025-04-28","04"
2,"saint_trojan",2025-04-28 03:00:00,1.90000009024516,"2025-04-28 05:00:00 CEST","2025-04-28","05"
2,"saint_trojan",2025-04-28 04:00:00,1.64100007794332,"2025-04-28 06:00:00 CEST","2025-04-28","06"
2,"saint_trojan",2025-04-28 05:00:00,0.907000043080188,"2025-04-28 07:00:00 CEST","2025-04-28","07"
2,"saint_trojan",2025-04-28 06:00:00,-0.227000010781921,"2025-04-28 08:00:00 CEST","2025-04-28","08"
2,"saint_trojan",2025-04-28 07:00:00,-1.50800007162616,"2025-04-28 09:00:00 CEST","2025-04-28","09"
2,"saint_trojan",2025-04-28 08:00:00,-2.57500012230594,"2025-04-28 10:00:00 CEST","2025-04-28","10"
2,"saint_trojan",2025-04-28 09:00:00,-2.97500014130492,"2025-04-28 11:00:00 CEST","2025-04-28","11"
2,"saint_trojan",2025-04-28 10:00:00,-2.57500012230594,"2025-04-28 12:00:00 CEST","2025-04-28","12"
2,"saint_trojan",2025-04-28 11:00:00,-1.69000008027069,"2025-04-28 13:00:00 CEST","2025-04-28","13"
2,"saint_trojan",2025-04-28 12:00:00,-0.592000028118491,"2025-04-28 14:00:00 CEST","2025-04-28","14"
2,"saint_trojan",2025-04-28 13:00:00,0.477000022656284,"2025-04-28 15:00:00 CEST","2025-04-28","15"
2,"saint_trojan",2025-04-28 14:00:00,1.32400006288663,"2025-04-28 16:00:00 CEST","2025-04-28","16"
2,"saint_trojan",2025-04-28 15:00:00,1.8030000856379,"2025-04-28 17:00:00 CEST","2025-04-28","17"
2,"saint_trojan",2025-04-28 16:00:00,1.71200008131564,"2025-04-28 18:00:00 CEST","2025-04-28","18"
2,"saint_trojan",2025-04-28 17:00:00,1.1380000540521,"2025-04-28 19:00:00 CEST","2025-04-28","19"
2,"saint_trojan",2025-04-28 18:00:00,0.10200000484474,"2025-04-28 20:00:00 CEST","2025-04-28","20"
2,"saint_trojan",2025-04-28 19:00:00,-1.1380000540521,"2025-04-28 21:00:00 CEST","2025-04-28","21"
2,"saint_trojan",2025-04-28 20:00:00,-2.29600010905415,"2025-04-28 22:00:00 CEST","2025-04-28","22"
2,"saint_trojan",2025-04-28 21:00:00,-2.96300014073495,"2025-04-28 23:00:00 CEST","2025-04-28","23"
2,"saint_trojan",2025-04-28 22:00:00,-2.81100013351534,"2025-04-29 00:00:00 CEST","2025-04-29","00"
2,"saint_trojan",2025-04-28 23:00:00,-2.0420000969898,"2025-04-29 01:00:00 CEST","2025-04-29","01"
2,"saint_trojan",2025-04-29,-0.996000047307462,"2025-04-29 02:00:00 CEST","2025-04-29","02"
2,"saint_trojan",2025-04-29 01:00:00,0.103000004892237,"2025-04-29 03:00:00 CEST","2025-04-29","03"
2,"saint_trojan",2025-04-29 02:00:00,1.0600000503473,"2025-04-29 04:00:00 CEST","2025-04-29","04"
2,"saint_trojan",2025-04-29 03:00:00,1.68300007993821,"2025-04-29 05:00:00 CEST","2025-04-29","05"
2,"saint_trojan",2025-04-29 04:00:00,1.81500008620787,"2025-04-29 06:00:00 CEST","2025-04-29","06"
2,"saint_trojan",2025-04-29 05:00:00,1.41800006735139,"2025-04-29 07:00:00 CEST","2025-04-29","07"
2,"saint_trojan",2025-04-29 06:00:00,0.542000025743619,"2025-04-29 08:00:00 CEST","2025-04-29","08"
2,"saint_trojan",2025-04-29 07:00:00,-0.627000029780902,"2025-04-29 09:00:00 CEST","2025-04-29","09"
2,"saint_trojan",2025-04-29 08:00:00,-1.83500008715782,"2025-04-29 10:00:00 CEST","2025-04-29","10"
2,"saint_trojan",2025-04-29 09:00:00,-2.70300012838561,"2025-04-29 11:00:00 CEST","2025-04-29","11"
2,"saint_trojan",2025-04-29 10:00:00,-2.81600013375282,"2025-04-29 12:00:00 CEST","2025-04-29","12"
2,"saint_trojan",2025-04-29 11:00:00,-2.24800010677427,"2025-04-29 13:00:00 CEST","2025-04-29","13"
2,"saint_trojan",2025-04-29 12:00:00,-1.28700006112922,"2025-04-29 14:00:00 CEST","2025-04-29","14"
2,"saint_trojan",2025-04-29 13:00:00,-0.201000009546988,"2025-04-29 15:00:00 CEST","2025-04-29","15"
2,"saint_trojan",2025-04-29 14:00:00,0.784000037238002,"2025-04-29 16:00:00 CEST","2025-04-29","16"
2,"saint_trojan",2025-04-29 15:00:00,1.48800007067621,"2025-04-29 17:00:00 CEST","2025-04-29","17"
2,"saint_trojan",2025-04-29 16:00:00,1.76100008364301,"2025-04-29 18:00:00 CEST","2025-04-29","18"
2,"saint_trojan",2025-04-29 17:00:00,1.52200007229112,"2025-04-29 19:00:00 CEST","2025-04-29","19"
2,"saint_trojan",2025-04-29 18:00:00,0.807000038330443,"2025-04-29 20:00:00 CEST","2025-04-29","20"
2,"saint_trojan",2025-04-29 19:00:00,-0.254000012064353,"2025-04-29 21:00:00 CEST","2025-04-29","21"
2,"saint_trojan",2025-04-29 20:00:00,-1.4500000688713,"2025-04-29 22:00:00 CEST","2025-04-29","22"
2,"saint_trojan",2025-04-29 21:00:00,-2.49800011864863,"2025-04-29 23:00:00 CEST","2025-04-29","23"
2,"saint_trojan",2025-04-29 22:00:00,-2.91700013855007,"2025-04-30 00:00:00 CEST","2025-04-30","00"
2,"saint_trojan",2025-04-29 23:00:00,-2.56100012164097,"2025-04-30 01:00:00 CEST","2025-04-30","01"
2,"saint_trojan",2025-04-30,-1.7250000819331,"2025-04-30 02:00:00 CEST","2025-04-30","02"
2,"saint_trojan",2025-04-30 01:00:00,-0.674000032013282,"2025-04-30 03:00:00 CEST","2025-04-30","03"
2,"saint_trojan",2025-04-30 02:00:00,0.363000017241575,"2025-04-30 04:00:00 CEST","2025-04-30","04"
2,"saint_trojan",2025-04-30 03:00:00,1.18400005623698,"2025-04-30 05:00:00 CEST","2025-04-30","05"
2,"saint_trojan",2025-04-30 04:00:00,1.61900007689837,"2025-04-30 06:00:00 CEST","2025-04-30","06"
2,"saint_trojan",2025-04-30 05:00:00,1.58700007537846,"2025-04-30 07:00:00 CEST","2025-04-30","07"
2,"saint_trojan",2025-04-30 06:00:00,1.0980000521522,"2025-04-30 08:00:00 CEST","2025-04-30","08"
2,"saint_trojan",2025-04-30 07:00:00,0.205000009736978,"2025-04-30 09:00:00 CEST","2025-04-30","09"
2,"saint_trojan",2025-04-30 08:00:00,-0.87100004137028,"2025-04-30 10:00:00 CEST","2025-04-30","10"
2,"saint_trojan",2025-04-30 09:00:00,-1.93300009181257,"2025-04-30 11:00:00 CEST","2025-04-30","11"
2,"saint_trojan",2025-04-30 10:00:00,-2.56700012192596,"2025-04-30 12:00:00 CEST","2025-04-30","12"
2,"saint_trojan",2025-04-30 11:00:00,-2.45200011646375,"2025-04-30 13:00:00 CEST","2025-04-30","13"
2,"saint_trojan",2025-04-30 12:00:00,-1.78100008459296,"2025-04-30 14:00:00 CEST","2025-04-30","14"
2,"saint_trojan",2025-04-30 13:00:00,-0.829000039375387,"2025-04-30 15:00:00 CEST","2025-04-30","15"
2,"saint_trojan",2025-04-30 14:00:00,0.151000007172115,"2025-04-30 16:00:00 CEST","2025-04-30","16"
2,"saint_trojan",2025-04-30 15:00:00,1.01700004830491,"2025-04-30 17:00:00 CEST","2025-04-30","17"
2,"saint_trojan",2025-04-30 16:00:00,1.54700007347856,"2025-04-30 18:00:00 CEST","2025-04-30","18"
2,"saint_trojan",2025-04-30 17:00:00,1.63600007770583,"2025-04-30 19:00:00 CEST","2025-04-30","19"
2,"saint_trojan",2025-04-30 18:00:00,1.27300006046426,"2025-04-30 20:00:00 CEST","2025-04-30","20"
2,"saint_trojan",2025-04-30 19:00:00,0.504000023938715,"2025-04-30 21:00:00 CEST","2025-04-30","21"
2,"saint_trojan",2025-04-30 20:00:00,-0.503000023891218,"2025-04-30 22:00:00 CEST","2025-04-30","22"
2,"saint_trojan",2025-04-30 21:00:00,-1.57200007466599,"2025-04-30 23:00:00 CEST","2025-04-30","23"
2,"saint_trojan",2025-04-30 22:00:00,-2.42900011537131,"2025-05-01 00:00:00 CEST","2025-05-01","00"
2,"saint_trojan",2025-04-30 23:00:00,-2.60700012382586,"2025-05-01 01:00:00 CEST","2025-05-01","01"
2,"saint_trojan",2025-05-01,-2.16200010268949,"2025-05-01 02:00:00 CEST","2025-05-01","02"
2,"saint_trojan",2025-05-01 01:00:00,-1.35100006416906,"2025-05-01 03:00:00 CEST","2025-05-01","03"
2,"saint_trojan",2025-05-01 02:00:00,-0.395000018761493,"2025-05-01 04:00:00 CEST","2025-05-01","04"
2,"saint_trojan",2025-05-01 03:00:00,0.476000022608787,"2025-05-01 05:00:00 CEST","2025-05-01","05"
2,"saint_trojan",2025-05-01 04:00:00,1.11700005305465,"2025-05-01 06:00:00 CEST","2025-05-01","06"
2,"saint_trojan",2025-05-01 05:00:00,1.39900006644893,"2025-05-01 07:00:00 CEST","2025-05-01","07"
2,"saint_trojan",2025-05-01 06:00:00,1.24800005927682,"2025-05-01 08:00:00 CEST","2025-05-01","08"
2,"saint_trojan",2025-05-01 07:00:00,0.716000034008175,"2025-05-01 09:00:00 CEST","2025-05-01","09"
2,"saint_trojan",2025-05-01 08:00:00,-0.119000005652197,"2025-05-01 10:00:00 CEST","2025-05-01","10"
2,"saint_trojan",2025-05-01 09:00:00,-1.07000005082227,"2025-05-01 11:00:00 CEST","2025-05-01","11"
2,"saint_trojan",2025-05-01 10:00:00,-1.96200009319,"2025-05-01 12:00:00 CEST","2025-05-01","12"
2,"saint_trojan",2025-05-01 11:00:00,-2.36100011214148,"2025-05-01 13:00:00 CEST","2025-05-01","13"
2,"saint_trojan",2025-05-01 12:00:00,-2.09800009964965,"2025-05-01 14:00:00 CEST","2025-05-01","14"
2,"saint_trojan",2025-05-01 13:00:00,-1.4130000671139,"2025-05-01 15:00:00 CEST","2025-05-01","15"
2,"saint_trojan",2025-05-01 14:00:00,-0.545000025886111,"2025-05-01 16:00:00 CEST","2025-05-01","16"
2,"saint_trojan",2025-05-01 15:00:00,0.29800001415424,"2025-05-01 17:00:00 CEST","2025-05-01","17"
2,"saint_trojan",2025-05-01 16:00:00,0.979000046500005,"2025-05-01 18:00:00 CEST","2025-05-01","18"
2,"saint_trojan",2025-05-01 17:00:00,1.34700006397907,"2025-05-01 19:00:00 CEST","2025-05-01","19"
2,"saint_trojan",2025-05-01 18:00:00,1.31600006250665,"2025-05-01 20:00:00 CEST","2025-05-01","20"
2,"saint_trojan",2025-05-01 19:00:00,0.942000044742599,"2025-05-01 21:00:00 CEST","2025-05-01","21"
2,"saint_trojan",2025-05-01 20:00:00,0.230000010924414,"2025-05-01 22:00:00 CEST","2025-05-01","22"
2,"saint_trojan",2025-05-01 21:00:00,-0.666000031633303,"2025-05-01 23:00:00 CEST","2025-05-01","23"
2,"saint_trojan",2025-05-01 22:00:00,-1.63700007775333,"2025-05-02 00:00:00 CEST","2025-05-02","00"
2,"saint_trojan",2025-05-01 23:00:00,-2.30400010943413,"2025-05-02 01:00:00 CEST","2025-05-02","01"
2,"saint_trojan",2025-05-02,-2.30400010943413,"2025-05-02 02:00:00 CEST","2025-05-02","02"
2,"saint_trojan",2025-05-02 01:00:00,-1.80800008587539,"2025-05-02 03:00:00 CEST","2025-05-02","03"
2,"saint_trojan",2025-05-02 02:00:00,-1.0610000503948,"2025-05-02 04:00:00 CEST","2025-05-02","04"
2,"saint_trojan",2025-05-02 03:00:00,-0.268000012729317,"2025-05-02 05:00:00 CEST","2025-05-02","05"
2,"saint_trojan",2025-05-02 04:00:00,0.429000020376407,"2025-05-02 06:00:00 CEST","2025-05-02","06"
2,"saint_trojan",2025-05-02 05:00:00,0.912000043317676,"2025-05-02 07:00:00 CEST","2025-05-02","07"
2,"saint_trojan",2025-05-02 06:00:00,1.07600005110726,"2025-05-02 08:00:00 CEST","2025-05-02","08"
2,"saint_trojan",2025-05-02 07:00:00,0.927000044030137,"2025-05-02 09:00:00 CEST","2025-05-02","09"
2,"saint_trojan",2025-05-02 08:00:00,0.458000021753833,"2025-05-02 10:00:00 CEST","2025-05-02","10"
2,"saint_trojan",2025-05-02 09:00:00,-0.228000010829419,"2025-05-02 11:00:00 CEST","2025-05-02","11"
2,"saint_trojan",2025-05-02 10:00:00,-1.04900004982483,"2025-05-02 12:00:00 CEST","2025-05-02","12"
2,"saint_trojan",2025-05-02 11:00:00,-1.75900008354802,"2025-05-02 13:00:00 CEST","2025-05-02","13"
2,"saint_trojan",2025-05-02 12:00:00,-1.97000009356998,"2025-05-02 14:00:00 CEST","2025-05-02","14"
2,"saint_trojan",2025-05-02 13:00:00,-1.66200007894076,"2025-05-02 15:00:00 CEST","2025-05-02","15"
2,"saint_trojan",2025-05-02 14:00:00,-1.05500005010981,"2025-05-02 16:00:00 CEST","2025-05-02","16"
2,"saint_trojan",2025-05-02 15:00:00,-0.329000015626661,"2025-05-02 17:00:00 CEST","2025-05-02","17"
2,"saint_trojan",2025-05-02 16:00:00,0.378000017954037,"2025-05-02 18:00:00 CEST","2025-05-02","18"
2,"saint_trojan",2025-05-02 17:00:00,0.91400004341267,"2025-05-02 19:00:00 CEST","2025-05-02","19"
2,"saint_trojan",2025-05-02 18:00:00,1.1370000540046,"2025-05-02 20:00:00 CEST","2025-05-02","20"
2,"saint_trojan",2025-05-02 19:00:00,1.07100005086977,"2025-05-02 21:00:00 CEST","2025-05-02","21"
2,"saint_trojan",2025-05-02 20:00:00,0.725000034435652,"2025-05-02 22:00:00 CEST","2025-05-02","22"
2,"saint_trojan",2025-05-02 21:00:00,0.15300000726711,"2025-05-02 23:00:00 CEST","2025-05-02","23"
2,"saint_trojan",2025-05-02 22:00:00,-0.615000029210933,"2025-05-03 00:00:00 CEST","2025-05-03","00"
2,"saint_trojan",2025-05-02 23:00:00,-1.42900006787386,"2025-05-03 01:00:00 CEST","2025-05-03","01"
2,"saint_trojan",2025-05-03,-1.94000009214506,"2025-05-03 02:00:00 CEST","2025-05-03","02"
2,"saint_trojan",2025-05-03 01:00:00,-1.91300009086262,"2025-05-03 03:00:00 CEST","2025-05-03","03"
2,"saint_trojan",2025-05-03 02:00:00,-1.49900007119868,"2025-05-03 04:00:00 CEST","2025-05-03","04"
2,"saint_trojan",2025-05-03 03:00:00,-0.899000042700209,"2025-05-03 05:00:00 CEST","2025-05-03","05"
2,"saint_trojan",2025-05-03 04:00:00,-0.24700001173187,"2025-05-03 06:00:00 CEST","2025-05-03","06"
2,"saint_trojan",2025-05-03 05:00:00,0.29800001415424,"2025-05-03 07:00:00 CEST","2025-05-03","07"
2,"saint_trojan",2025-05-03 06:00:00,0.645000030635856,"2025-05-03 08:00:00 CEST","2025-05-03","08"
2,"saint_trojan",2025-05-03 07:00:00,0.752000035718083,"2025-05-03 09:00:00 CEST","2025-05-03","09"
2,"saint_trojan",2025-05-03 08:00:00,0.640000030398369,"2025-05-03 10:00:00 CEST","2025-05-03","10"
2,"saint_trojan",2025-05-03 09:00:00,0.294000013964251,"2025-05-03 11:00:00 CEST","2025-05-03","11"
2,"saint_trojan",2025-05-03 10:00:00,-0.25100001192186,"2025-05-03 12:00:00 CEST","2025-05-03","12"
2,"saint_trojan",2025-05-03 11:00:00,-0.920000043697655,"2025-05-03 13:00:00 CEST","2025-05-03","13"
2,"saint_trojan",2025-05-03 12:00:00,-1.46400006953627,"2025-05-03 14:00:00 CEST","2025-05-03","14"
2,"saint_trojan",2025-05-03 13:00:00,-1.61700007680338,"2025-05-03 15:00:00 CEST","2025-05-03","15"
2,"saint_trojan",2025-05-03 14:00:00,-1.35800006450154,"2025-05-03 16:00:00 CEST","2025-05-03","16"
2,"saint_trojan",2025-05-03 15:00:00,-0.856000040657818,"2025-05-03 17:00:00 CEST","2025-05-03","17"
2,"saint_trojan",2025-05-03 16:00:00,-0.271000012871809,"2025-05-03 18:00:00 CEST","2025-05-03","18"
2,"saint_trojan",2025-05-03 17:00:00,0.292000013869256,"2025-05-03 19:00:00 CEST","2025-05-03","19"
2,"saint_trojan",2025-05-03 18:00:00,0.693000032915734,"2025-05-03 20:00:00 CEST","2025-05-03","20"
2,"saint_trojan",2025-05-03 19:00:00,0.868000041227788,"2025-05-03 21:00:00 CEST","2025-05-03","21"
2,"saint_trojan",2025-05-03 20:00:00,0.852000040467829,"2025-05-03 22:00:00 CEST","2025-05-03","22"
2,"saint_trojan",2025-05-03 21:00:00,0.610000028973445,"2025-05-03 23:00:00 CEST","2025-05-03","23"
2,"saint_trojan",2025-05-03 22:00:00,0.16100000764709,"2025-05-04 00:00:00 CEST","2025-05-04","00"
2,"saint_trojan",2025-05-03 23:00:00,-0.480000022798777,"2025-05-04 01:00:00 CEST","2025-05-04","01"
2,"saint_trojan",2025-05-04,-1.18500005628448,"2025-05-04 02:00:00 CEST","2025-05-04","02"
2,"saint_trojan",2025-05-04 01:00:00,-1.6470000782283,"2025-05-04 03:00:00 CEST","2025-05-04","03"
2,"saint_trojan",2025-05-04 02:00:00,-1.65000007837079,"2025-05-04 04:00:00 CEST","2025-05-04","04"
2,"saint_trojan",2025-05-04 03:00:00,-1.3330000633141,"2025-05-04 05:00:00 CEST","2025-05-04","05"
2,"saint_trojan",2025-05-04 04:00:00,-0.864000041037798,"2025-05-04 06:00:00 CEST","2025-05-04","06"
2,"saint_trojan",2025-05-04 05:00:00,-0.362000017194077,"2025-05-04 07:00:00 CEST","2025-05-04","07"
2,"saint_trojan",2025-05-04 06:00:00,0.0650000030873343,"2025-05-04 08:00:00 CEST","2025-05-04","08"
2,"saint_trojan",2025-05-04 07:00:00,0.379000018001534,"2025-05-04 09:00:00 CEST","2025-05-04","09"
2,"saint_trojan",2025-05-04 08:00:00,0.536000025458634,"2025-05-04 10:00:00 CEST","2025-05-04","10"
2,"saint_trojan",2025-05-04 09:00:00,0.526000024983659,"2025-05-04 11:00:00 CEST","2025-05-04","11"
2,"saint_trojan",2025-05-04 10:00:00,0.311000014771707,"2025-05-04 12:00:00 CEST","2025-05-04","12"
2,"saint_trojan",2025-05-04 11:00:00,-0.109000005177222,"2025-05-04 13:00:00 CEST","2025-05-04","13"
2,"saint_trojan",2025-05-04 12:00:00,-0.681000032345764,"2025-05-04 14:00:00 CEST","2025-05-04","14"
2,"saint_trojan",2025-05-04 13:00:00,-1.18400005623698,"2025-05-04 15:00:00 CEST","2025-05-04","15"
2,"saint_trojan",2025-05-04 14:00:00,-1.3720000651665,"2025-05-04 16:00:00 CEST","2025-05-04","16"
2,"saint_trojan",2025-05-04 15:00:00,-1.20300005713943,"2025-05-04 17:00:00 CEST","2025-05-04","17"
2,"saint_trojan",2025-05-04 16:00:00,-0.823000039090402,"2025-05-04 18:00:00 CEST","2025-05-04","18"
2,"saint_trojan",2025-05-04 17:00:00,-0.351000016671605,"2025-05-04 19:00:00 CEST","2025-05-04","19"
2,"saint_trojan",2025-05-04 18:00:00,0.107000005082227,"2025-05-04 20:00:00 CEST","2025-05-04","20"
2,"saint_trojan",2025-05-04 19:00:00,0.466000022133812,"2025-05-04 21:00:00 CEST","2025-05-04","21"
2,"saint_trojan",2025-05-04 20:00:00,0.678000032203272,"2025-05-04 22:00:00 CEST","2025-05-04","22"
2,"saint_trojan",2025-05-04 21:00:00,0.746000035433099,"2025-05-04 23:00:00 CEST","2025-05-04","23"
2,"saint_trojan",2025-05-04 22:00:00,0.623000029590912,"2025-05-05 00:00:00 CEST","2025-05-05","00"
2,"saint_trojan",2025-05-04 23:00:00,0.292000013869256,"2025-05-05 01:00:00 CEST","2025-05-05","01"
2,"saint_trojan",2025-05-05,-0.260000012349337,"2025-05-05 02:00:00 CEST","2025-05-05","02"
2,"saint_trojan",2025-05-05 01:00:00,-0.913000043365173,"2025-05-05 03:00:00 CEST","2025-05-05","03"
2,"saint_trojan",2025-05-05 02:00:00,-1.40500006673392,"2025-05-05 04:00:00 CEST","2025-05-05","04"
2,"saint_trojan",2025-05-05 03:00:00,-1.53300007281359,"2025-05-05 05:00:00 CEST","2025-05-05","05"
2,"saint_trojan",2025-05-05 04:00:00,-1.32600006298162,"2025-05-05 06:00:00 CEST","2025-05-05","06"
2,"saint_trojan",2025-05-05 05:00:00,-0.983000046689995,"2025-05-05 07:00:00 CEST","2025-05-05","07"
2,"saint_trojan",2025-05-05 06:00:00,-0.589000027975999,"2025-05-05 08:00:00 CEST","2025-05-05","08"
2,"saint_trojan",2025-05-05 07:00:00,-0.192000009119511,"2025-05-05 09:00:00 CEST","2025-05-05","09"
2,"saint_trojan",2025-05-05 08:00:00,0.152000007219613,"2025-05-05 10:00:00 CEST","2025-05-05","10"
2,"saint_trojan",2025-05-05 09:00:00,0.391000018571503,"2025-05-05 11:00:00 CEST","2025-05-05","11"
2,"saint_trojan",2025-05-05 10:00:00,0.469000022276305,"2025-05-05 12:00:00 CEST","2025-05-05","12"
2,"saint_trojan",2025-05-05 11:00:00,0.352000016719103,"2025-05-05 13:00:00 CEST","2025-05-05","13"
2,"saint_trojan",2025-05-05 12:00:00,0.00300000014249235,"2025-05-05 14:00:00 CEST","2025-05-05","14"
2,"saint_trojan",2025-05-05 13:00:00,-0.551000026171096,"2025-05-05 15:00:00 CEST","2025-05-05","15"
2,"saint_trojan",2025-05-05 14:00:00,-1.06700005067978,"2025-05-05 16:00:00 CEST","2025-05-05","16"
2,"saint_trojan",2025-05-05 15:00:00,-1.32200006279163,"2025-05-05 17:00:00 CEST","2025-05-05","17"
2,"saint_trojan",2025-05-05 16:00:00,-1.25300005951431,"2025-05-05 18:00:00 CEST","2025-05-05","18"
2,"saint_trojan",2025-05-05 17:00:00,-0.962000045692548,"2025-05-05 19:00:00 CEST","2025-05-05","19"
2,"saint_trojan",2025-05-05 18:00:00,-0.568000026978552,"2025-05-05 20:00:00 CEST","2025-05-05","20"
2,"saint_trojan",2025-05-05 19:00:00,-0.137000006507151,"2025-05-05 21:00:00 CEST","2025-05-05","21"
2,"saint_trojan",2025-05-05 20:00:00,0.245000011636876,"2025-05-05 22:00:00 CEST","2025-05-05","22"
2,"saint_trojan",2025-05-05 21:00:00,0.543000025791116,"2025-05-05 23:00:00 CEST","2025-05-05","23"
2,"saint_trojan",2025-05-05 22:00:00,0.727000034530647,"2025-05-06 00:00:00 CEST","2025-05-06","00"
2,"saint_trojan",2025-05-05 23:00:00,0.712000033818185,"2025-05-06 01:00:00 CEST","2025-05-06","01"
2,"saint_trojan",2025-05-06,0.444000021088868,"2025-05-06 02:00:00 CEST","2025-05-06","02"
2,"saint_trojan",2025-05-06 01:00:00,-0.0970000046072528,"2025-05-06 03:00:00 CEST","2025-05-06","03"
2,"saint_trojan",2025-05-06 02:00:00,-0.774000036763027,"2025-05-06 04:00:00 CEST","2025-05-06","04"
2,"saint_trojan",2025-05-06 03:00:00,-1.33000006317161,"2025-05-06 05:00:00 CEST","2025-05-06","05"
2,"saint_trojan",2025-05-06 04:00:00,-1.52500007243361,"2025-05-06 06:00:00 CEST","2025-05-06","06"
2,"saint_trojan",2025-05-06 05:00:00,-1.40600006678142,"2025-05-06 07:00:00 CEST","2025-05-06","07"
2,"saint_trojan",2025-05-06 06:00:00,-1.11500005295966,"2025-05-06 08:00:00 CEST","2025-05-06","08"
2,"saint_trojan",2025-05-06 07:00:00,-0.732000034768134,"2025-05-06 09:00:00 CEST","2025-05-06","09"
2,"saint_trojan",2025-05-06 08:00:00,-0.29800001415424,"2025-05-06 10:00:00 CEST","2025-05-06","10"
2,"saint_trojan",2025-05-06 09:00:00,0.126000005984679,"2025-05-06 11:00:00 CEST","2025-05-06","11"
2,"saint_trojan",2025-05-06 10:00:00,0.46300002199132,"2025-05-06 12:00:00 CEST","2025-05-06","12"
2,"saint_trojan",2025-05-06 11:00:00,0.633000030065887,"2025-05-06 13:00:00 CEST","2025-05-06","13"
2,"saint_trojan",2025-05-06 12:00:00,0.555000026361085,"2025-05-06 14:00:00 CEST","2025-05-06","14"
2,"saint_trojan",2025-05-06 13:00:00,0.191000009072013,"2025-05-06 15:00:00 CEST","2025-05-06","15"
2,"saint_trojan",2025-05-06 14:00:00,-0.394000018713996,"2025-05-06 16:00:00 CEST","2025-05-06","16"
2,"saint_trojan",2025-05-06 15:00:00,-0.981000046595,"2025-05-06 17:00:00 CEST","2025-05-06","17"
2,"saint_trojan",2025-05-06 16:00:00,-1.33600006345659,"2025-05-06 18:00:00 CEST","2025-05-06","18"
2,"saint_trojan",2025-05-06 17:00:00,-1.34500006388407,"2025-05-06 19:00:00 CEST","2025-05-06","19"
2,"saint_trojan",2025-05-06 18:00:00,-1.09400005196221,"2025-05-06 20:00:00 CEST","2025-05-06","20"
2,"saint_trojan",2025-05-06 19:00:00,-0.704000033438206,"2025-05-06 21:00:00 CEST","2025-05-06","21"
2,"saint_trojan",2025-05-06 20:00:00,-0.250000011874363,"2025-05-06 22:00:00 CEST","2025-05-06","22"
2,"saint_trojan",2025-05-06 21:00:00,0.20800000987947,"2025-05-06 23:00:00 CEST","2025-05-06","23"
2,"saint_trojan",2025-05-06 22:00:00,0.606000028783455,"2025-05-07 00:00:00 CEST","2025-05-07","00"
2,"saint_trojan",2025-05-06 23:00:00,0.864000041037798,"2025-05-07 01:00:00 CEST","2025-05-07","01"
2,"saint_trojan",2025-05-07,0.874000041512772,"2025-05-07 02:00:00 CEST","2025-05-07","02"
2,"saint_trojan",2025-05-07 01:00:00,0.556000026408583,"2025-05-07 03:00:00 CEST","2025-05-07","03"
2,"saint_trojan",2025-05-07 02:00:00,-0.0360000017099082,"2025-05-07 04:00:00 CEST","2025-05-07","04"
2,"saint_trojan",2025-05-07 03:00:00,-0.762000036193058,"2025-05-07 05:00:00 CEST","2025-05-07","05"
2,"saint_trojan",2025-05-07 04:00:00,-1.38500006578397,"2025-05-07 06:00:00 CEST","2025-05-07","06"
2,"saint_trojan",2025-05-07 05:00:00,-1.63900007784832,"2025-05-07 07:00:00 CEST","2025-05-07","07"
2,"saint_trojan",2025-05-07 06:00:00,-1.53700007300358,"2025-05-07 08:00:00 CEST","2025-05-07","08"
2,"saint_trojan",2025-05-07 07:00:00,-1.22800005832687,"2025-05-07 09:00:00 CEST","2025-05-07","09"
2,"saint_trojan",2025-05-07 08:00:00,-0.809000038425438,"2025-05-07 10:00:00 CEST","2025-05-07","10"
2,"saint_trojan",2025-05-07 09:00:00,-0.31000001472421,"2025-05-07 11:00:00 CEST","2025-05-07","11"
2,"saint_trojan",2025-05-07 10:00:00,0.199000009451993,"2025-05-07 12:00:00 CEST","2025-05-07","12"
2,"saint_trojan",2025-05-07 11:00:00,0.609000028925948,"2025-05-07 13:00:00 CEST","2025-05-07","13"
2,"saint_trojan",2025-05-07 12:00:00,0.803000038140453,"2025-05-07 14:00:00 CEST","2025-05-07","14"
2,"saint_trojan",2025-05-07 13:00:00,0.673000031965785,"2025-05-07 15:00:00 CEST","2025-05-07","15"
2,"saint_trojan",2025-05-07 14:00:00,0.227000010781921,"2025-05-07 16:00:00 CEST","2025-05-07","16"
2,"saint_trojan",2025-05-07 15:00:00,-0.447000021231361,"2025-05-07 17:00:00 CEST","2025-05-07","17"
2,"saint_trojan",2025-05-07 16:00:00,-1.12500005343463,"2025-05-07 18:00:00 CEST","2025-05-07","18"
2,"saint_trojan",2025-05-07 17:00:00,-1.54500007338356,"2025-05-07 19:00:00 CEST","2025-05-07","19"
2,"saint_trojan",2025-05-07 18:00:00,-1.56100007414352,"2025-05-07 20:00:00 CEST","2025-05-07","20"
2,"saint_trojan",2025-05-07 19:00:00,-1.27300006046426,"2025-05-07 21:00:00 CEST","2025-05-07","21"
2,"saint_trojan",2025-05-07 20:00:00,-0.837000039755367,"2025-05-07 22:00:00 CEST","2025-05-07","22"
2,"saint_trojan",2025-05-07 21:00:00,-0.321000015246682,"2025-05-07 23:00:00 CEST","2025-05-07","23"
2,"saint_trojan",2025-05-07 22:00:00,0.225000010686927,"2025-05-08 00:00:00 CEST","2025-05-08","00"
2,"saint_trojan",2025-05-07 23:00:00,0.707000033580698,"2025-05-08 01:00:00 CEST","2025-05-08","01"
3,"hossegor",2025-04-24,0.983000046689995,"2025-04-24 02:00:00 CEST","2025-04-24","02"
3,"hossegor",2025-04-24 01:00:00,0.854000040562823,"2025-04-24 03:00:00 CEST","2025-04-24","03"
3,"hossegor",2025-04-24 02:00:00,0.400000018998981,"2025-04-24 04:00:00 CEST","2025-04-24","04"
3,"hossegor",2025-04-24 03:00:00,-0.301000014296733,"2025-04-24 05:00:00 CEST","2025-04-24","05"
3,"hossegor",2025-04-24 04:00:00,-1.04200004949234,"2025-04-24 06:00:00 CEST","2025-04-24","06"
3,"hossegor",2025-04-24 05:00:00,-1.64200007799082,"2025-04-24 07:00:00 CEST","2025-04-24","07"
3,"hossegor",2025-04-24 06:00:00,-1.92500009143259,"2025-04-24 08:00:00 CEST","2025-04-24","08"
3,"hossegor",2025-04-24 07:00:00,-1.8430000875378,"2025-04-24 09:00:00 CEST","2025-04-24","09"
3,"hossegor",2025-04-24 08:00:00,-1.43400006811135,"2025-04-24 10:00:00 CEST","2025-04-24","10"
3,"hossegor",2025-04-24 09:00:00,-0.803000038140453,"2025-04-24 11:00:00 CEST","2025-04-24","11"
3,"hossegor",2025-04-24 10:00:00,-0.0980000046547502,"2025-04-24 12:00:00 CEST","2025-04-24","12"
3,"hossegor",2025-04-24 11:00:00,0.504000023938715,"2025-04-24 13:00:00 CEST","2025-04-24","13"
3,"hossegor",2025-04-24 12:00:00,0.888000042177737,"2025-04-24 14:00:00 CEST","2025-04-24","14"
3,"hossegor",2025-04-24 13:00:00,0.946000044932589,"2025-04-24 15:00:00 CEST","2025-04-24","15"
3,"hossegor",2025-04-24 14:00:00,0.649000030825846,"2025-04-24 16:00:00 CEST","2025-04-24","16"
3,"hossegor",2025-04-24 15:00:00,0.0440000020898879,"2025-04-24 17:00:00 CEST","2025-04-24","17"
3,"hossegor",2025-04-24 16:00:00,-0.716000034008175,"2025-04-24 18:00:00 CEST","2025-04-24","18"
3,"hossegor",2025-04-24 17:00:00,-1.39500006625894,"2025-04-24 19:00:00 CEST","2025-04-24","19"
3,"hossegor",2025-04-24 18:00:00,-1.79100008506794,"2025-04-24 20:00:00 CEST","2025-04-24","20"
3,"hossegor",2025-04-24 19:00:00,-1.81500008620787,"2025-04-24 21:00:00 CEST","2025-04-24","21"
3,"hossegor",2025-04-24 20:00:00,-1.47000006982125,"2025-04-24 22:00:00 CEST","2025-04-24","22"
3,"hossegor",2025-04-24 21:00:00,-0.836000039707869,"2025-04-24 23:00:00 CEST","2025-04-24","23"
3,"hossegor",2025-04-24 22:00:00,-0.0640000030398369,"2025-04-25 00:00:00 CEST","2025-04-25","00"
3,"hossegor",2025-04-24 23:00:00,0.646000030683354,"2025-04-25 01:00:00 CEST","2025-04-25","01"
3,"hossegor",2025-04-25,1.14100005419459,"2025-04-25 02:00:00 CEST","2025-04-25","02"
3,"hossegor",2025-04-25 01:00:00,1.30400006193668,"2025-04-25 03:00:00 CEST","2025-04-25","03"
3,"hossegor",2025-04-25 02:00:00,1.06700005067978,"2025-04-25 04:00:00 CEST","2025-04-25","04"
3,"hossegor",2025-04-25 03:00:00,0.458000021753833,"2025-04-25 05:00:00 CEST","2025-04-25","05"
3,"hossegor",2025-04-25 04:00:00,-0.403000019141473,"2025-04-25 06:00:00 CEST","2025-04-25","06"
3,"hossegor",2025-04-25 05:00:00,-1.28700006112922,"2025-04-25 07:00:00 CEST","2025-04-25","07"
3,"hossegor",2025-04-25 06:00:00,-1.91400009091012,"2025-04-25 08:00:00 CEST","2025-04-25","08"
3,"hossegor",2025-04-25 07:00:00,-2.14400010183454,"2025-04-25 09:00:00 CEST","2025-04-25","09"
3,"hossegor",2025-04-25 08:00:00,-1.94200009224005,"2025-04-25 10:00:00 CEST","2025-04-25","10"
3,"hossegor",2025-04-25 09:00:00,-1.37900006549899,"2025-04-25 11:00:00 CEST","2025-04-25","11"
3,"hossegor",2025-04-25 10:00:00,-0.580000027548522,"2025-04-25 12:00:00 CEST","2025-04-25","12"
3,"hossegor",2025-04-25 11:00:00,0.257000012206845,"2025-04-25 13:00:00 CEST","2025-04-25","13"
3,"hossegor",2025-04-25 12:00:00,0.927000044030137,"2025-04-25 14:00:00 CEST","2025-04-25","14"
3,"hossegor",2025-04-25 13:00:00,1.28200006089173,"2025-04-25 15:00:00 CEST","2025-04-25","15"
3,"hossegor",2025-04-25 14:00:00,1.22900005837437,"2025-04-25 16:00:00 CEST","2025-04-25","16"
3,"hossegor",2025-04-25 15:00:00,0.76100003614556,"2025-04-25 17:00:00 CEST","2025-04-25","17"
3,"hossegor",2025-04-25 16:00:00,-0.0370000017574057,"2025-04-25 18:00:00 CEST","2025-04-25","18"
3,"hossegor",2025-04-25 17:00:00,-0.946000044932589,"2025-04-25 19:00:00 CEST","2025-04-25","19"
3,"hossegor",2025-04-25 18:00:00,-1.69000008027069,"2025-04-25 20:00:00 CEST","2025-04-25","20"
3,"hossegor",2025-04-25 19:00:00,-2.06600009812973,"2025-04-25 21:00:00 CEST","2025-04-25","21"
3,"hossegor",2025-04-25 20:00:00,-1.98700009437744,"2025-04-25 22:00:00 CEST","2025-04-25","22"
3,"hossegor",2025-04-25 21:00:00,-1.48500007053372,"2025-04-25 23:00:00 CEST","2025-04-25","23"
3,"hossegor",2025-04-25 22:00:00,-0.693000032915734,"2025-04-26 00:00:00 CEST","2025-04-26","00"
3,"hossegor",2025-04-25 23:00:00,0.197000009356998,"2025-04-26 01:00:00 CEST","2025-04-26","01"
3,"hossegor",2025-04-26,0.96900004602503,"2025-04-26 02:00:00 CEST","2025-04-26","02"
3,"hossegor",2025-04-26 01:00:00,1.45700006920379,"2025-04-26 03:00:00 CEST","2025-04-26","03"
3,"hossegor",2025-04-26 02:00:00,1.51400007191114,"2025-04-26 04:00:00 CEST","2025-04-26","04"
3,"hossegor",2025-04-26 03:00:00,1.12300005333964,"2025-04-26 05:00:00 CEST","2025-04-26","05"
3,"hossegor",2025-04-26 04:00:00,0.327000015531667,"2025-04-26 06:00:00 CEST","2025-04-26","06"
3,"hossegor",2025-04-26 05:00:00,-0.691000032820739,"2025-04-26 07:00:00 CEST","2025-04-26","07"
3,"hossegor",2025-04-26 06:00:00,-1.64100007794332,"2025-04-26 08:00:00 CEST","2025-04-26","08"
3,"hossegor",2025-04-26 07:00:00,-2.23900010634679,"2025-04-26 09:00:00 CEST","2025-04-26","09"
3,"hossegor",2025-04-26 08:00:00,-2.35700011195149,"2025-04-26 10:00:00 CEST","2025-04-26","10"
3,"hossegor",2025-04-26 09:00:00,-2.00500009523239,"2025-04-26 11:00:00 CEST","2025-04-26","11"
3,"hossegor",2025-04-26 10:00:00,-1.27600006060675,"2025-04-26 12:00:00 CEST","2025-04-26","12"
3,"hossegor",2025-04-26 11:00:00,-0.350000016624108,"2025-04-26 13:00:00 CEST","2025-04-26","13"
3,"hossegor",2025-04-26 12:00:00,0.543000025791116,"2025-04-26 14:00:00 CEST","2025-04-26","14"
3,"hossegor",2025-04-26 13:00:00,1.18400005623698,"2025-04-26 15:00:00 CEST","2025-04-26","15"
3,"hossegor",2025-04-26 14:00:00,1.42900006787386,"2025-04-26 16:00:00 CEST","2025-04-26","16"
3,"hossegor",2025-04-26 15:00:00,1.20200005709194,"2025-04-26 17:00:00 CEST","2025-04-26","17"
3,"hossegor",2025-04-26 16:00:00,0.537000025506131,"2025-04-26 18:00:00 CEST","2025-04-26","18"
3,"hossegor",2025-04-26 17:00:00,-0.429000020376407,"2025-04-26 19:00:00 CEST","2025-04-26","19"
3,"hossegor",2025-04-26 18:00:00,-1.43000006792136,"2025-04-26 20:00:00 CEST","2025-04-26","20"
3,"hossegor",2025-04-26 19:00:00,-2.16200010268949,"2025-04-26 21:00:00 CEST","2025-04-26","21"
3,"hossegor",2025-04-26 20:00:00,-2.42400011513382,"2025-04-26 22:00:00 CEST","2025-04-26","22"
3,"hossegor",2025-04-26 21:00:00,-2.18000010354444,"2025-04-26 23:00:00 CEST","2025-04-26","23"
3,"hossegor",2025-04-26 22:00:00,-1.50500007148366,"2025-04-27 00:00:00 CEST","2025-04-27","00"
3,"hossegor",2025-04-26 23:00:00,-0.56500002683606,"2025-04-27 01:00:00 CEST","2025-04-27","01"
3,"hossegor",2025-04-27,0.425000020186417,"2025-04-27 02:00:00 CEST","2025-04-27","02"
3,"hossegor",2025-04-27 01:00:00,1.19700005685445,"2025-04-27 03:00:00 CEST","2025-04-27","03"
3,"hossegor",2025-04-27 02:00:00,1.58500007528346,"2025-04-27 04:00:00 CEST","2025-04-27","04"
3,"hossegor",2025-04-27 03:00:00,1.50000007124618,"2025-04-27 05:00:00 CEST","2025-04-27","05"
3,"hossegor",2025-04-27 04:00:00,0.93400004436262,"2025-04-27 06:00:00 CEST","2025-04-27","06"
3,"hossegor",2025-04-27 05:00:00,-0.0120000005699694,"2025-04-27 07:00:00 CEST","2025-04-27","07"
3,"hossegor",2025-04-27 06:00:00,-1.11300005286466,"2025-04-27 08:00:00 CEST","2025-04-27","08"
3,"hossegor",2025-04-27 07:00:00,-2.03200009651482,"2025-04-27 09:00:00 CEST","2025-04-27","09"
3,"hossegor",2025-04-27 08:00:00,-2.5100001192186,"2025-04-27 10:00:00 CEST","2025-04-27","10"
3,"hossegor",2025-04-27 09:00:00,-2.46500011708122,"2025-04-27 11:00:00 CEST","2025-04-27","11"
3,"hossegor",2025-04-27 10:00:00,-1.93300009181257,"2025-04-27 12:00:00 CEST","2025-04-27","12"
3,"hossegor",2025-04-27 11:00:00,-1.0590000502998,"2025-04-27 13:00:00 CEST","2025-04-27","13"
3,"hossegor",2025-04-27 12:00:00,-0.0550000026123598,"2025-04-27 14:00:00 CEST","2025-04-27","14"
3,"hossegor",2025-04-27 13:00:00,0.831000039470382,"2025-04-27 15:00:00 CEST","2025-04-27","15"
3,"hossegor",2025-04-27 14:00:00,1.38100006559398,"2025-04-27 16:00:00 CEST","2025-04-27","16"
3,"hossegor",2025-04-27 15:00:00,1.47500007005874,"2025-04-27 17:00:00 CEST","2025-04-27","17"
3,"hossegor",2025-04-27 16:00:00,1.06500005058479,"2025-04-27 18:00:00 CEST","2025-04-27","18"
3,"hossegor",2025-04-27 17:00:00,0.237000011256896,"2025-04-27 19:00:00 CEST","2025-04-27","19"
3,"hossegor",2025-04-27 18:00:00,-0.829000039375387,"2025-04-27 20:00:00 CEST","2025-04-27","20"
3,"hossegor",2025-04-27 19:00:00,-1.83400008711033,"2025-04-27 21:00:00 CEST","2025-04-27","21"
3,"hossegor",2025-04-27 20:00:00,-2.46300011698622,"2025-04-27 22:00:00 CEST","2025-04-27","22"
3,"hossegor",2025-04-27 21:00:00,-2.56600012187846,"2025-04-27 23:00:00 CEST","2025-04-27","23"
3,"hossegor",2025-04-27 22:00:00,-2.14300010178704,"2025-04-28 00:00:00 CEST","2025-04-28","00"
3,"hossegor",2025-04-27 23:00:00,-1.32300006283913,"2025-04-28 01:00:00 CEST","2025-04-28","01"
3,"hossegor",2025-04-28,-0.305000014486723,"2025-04-28 02:00:00 CEST","2025-04-28","02"
3,"hossegor",2025-04-28 01:00:00,0.696000033058226,"2025-04-28 03:00:00 CEST","2025-04-28","03"
3,"hossegor",2025-04-28 02:00:00,1.39300006616395,"2025-04-28 04:00:00 CEST","2025-04-28","04"
3,"hossegor",2025-04-28 03:00:00,1.65200007846579,"2025-04-28 05:00:00 CEST","2025-04-28","05"
3,"hossegor",2025-04-28 04:00:00,1.41600006725639,"2025-04-28 06:00:00 CEST","2025-04-28","06"
3,"hossegor",2025-04-28 05:00:00,0.704000033438206,"2025-04-28 07:00:00 CEST","2025-04-28","07"
3,"hossegor",2025-04-28 06:00:00,-0.335000015911646,"2025-04-28 08:00:00 CEST","2025-04-28","08"
3,"hossegor",2025-04-28 07:00:00,-1.42900006787386,"2025-04-28 09:00:00 CEST","2025-04-28","09"
3,"hossegor",2025-04-28 08:00:00,-2.2350001061568,"2025-04-28 10:00:00 CEST","2025-04-28","10"
3,"hossegor",2025-04-28 09:00:00,-2.53800012054853,"2025-04-28 11:00:00 CEST","2025-04-28","11"
3,"hossegor",2025-04-28 10:00:00,-2.31000010971911,"2025-04-28 12:00:00 CEST","2025-04-28","12"
3,"hossegor",2025-04-28 11:00:00,-1.62000007694587,"2025-04-28 13:00:00 CEST","2025-04-28","13"
3,"hossegor",2025-04-28 12:00:00,-0.657000031205826,"2025-04-28 14:00:00 CEST","2025-04-28","14"
3,"hossegor",2025-04-28 13:00:00,0.367000017431565,"2025-04-28 15:00:00 CEST","2025-04-28","15"
3,"hossegor",2025-04-28 14:00:00,1.17000005557202,"2025-04-28 16:00:00 CEST","2025-04-28","16"
3,"hossegor",2025-04-28 15:00:00,1.57300007471349,"2025-04-28 17:00:00 CEST","2025-04-28","17"
3,"hossegor",2025-04-28 16:00:00,1.49600007105619,"2025-04-28 18:00:00 CEST","2025-04-28","18"
3,"hossegor",2025-04-28 17:00:00,0.923000043840148,"2025-04-28 19:00:00 CEST","2025-04-28","19"
3,"hossegor",2025-04-28 18:00:00,-0.0170000008074567,"2025-04-28 20:00:00 CEST","2025-04-28","20"
3,"hossegor",2025-04-28 19:00:00,-1.11000005272217,"2025-04-28 21:00:00 CEST","2025-04-28","21"
3,"hossegor",2025-04-28 20:00:00,-2.0410000969423,"2025-04-28 22:00:00 CEST","2025-04-28","22"
3,"hossegor",2025-04-28 21:00:00,-2.51500011945609,"2025-04-28 23:00:00 CEST","2025-04-28","23"
3,"hossegor",2025-04-28 22:00:00,-2.45400011655875,"2025-04-29 00:00:00 CEST","2025-04-29","00"
3,"hossegor",2025-04-28 23:00:00,-1.90600009053014,"2025-04-29 01:00:00 CEST","2025-04-29","01"
3,"hossegor",2025-04-29,-1.00700004782993,"2025-04-29 02:00:00 CEST","2025-04-29","02"
3,"hossegor",2025-04-29 01:00:00,0.0290000013774261,"2025-04-29 03:00:00 CEST","2025-04-29","03"
3,"hossegor",2025-04-29 02:00:00,0.942000044742599,"2025-04-29 04:00:00 CEST","2025-04-29","04"
3,"hossegor",2025-04-29 03:00:00,1.50600007153116,"2025-04-29 05:00:00 CEST","2025-04-29","05"
3,"hossegor",2025-04-29 04:00:00,1.61700007680338,"2025-04-29 06:00:00 CEST","2025-04-29","06"
3,"hossegor",2025-04-29 05:00:00,1.22700005827937,"2025-04-29 07:00:00 CEST","2025-04-29","07"
3,"hossegor",2025-04-29 06:00:00,0.414000019663945,"2025-04-29 08:00:00 CEST","2025-04-29","08"
3,"hossegor",2025-04-29 07:00:00,-0.639000030350871,"2025-04-29 09:00:00 CEST","2025-04-29","09"
3,"hossegor",2025-04-29 08:00:00,-1.63800007780083,"2025-04-29 10:00:00 CEST","2025-04-29","10"
3,"hossegor",2025-04-29 09:00:00,-2.2740001080092,"2025-04-29 11:00:00 CEST","2025-04-29","11"
3,"hossegor",2025-04-29 10:00:00,-2.39700011385139,"2025-04-29 12:00:00 CEST","2025-04-29","12"
3,"hossegor",2025-04-29 11:00:00,-2.00700009532738,"2025-04-29 13:00:00 CEST","2025-04-29","13"
3,"hossegor",2025-04-29 12:00:00,-1.22900005837437,"2025-04-29 14:00:00 CEST","2025-04-29","14"
3,"hossegor",2025-04-29 13:00:00,-0.249000011826865,"2025-04-29 15:00:00 CEST","2025-04-29","15"
3,"hossegor",2025-04-29 14:00:00,0.689000032725744,"2025-04-29 16:00:00 CEST","2025-04-29","16"
3,"hossegor",2025-04-29 15:00:00,1.34600006393157,"2025-04-29 17:00:00 CEST","2025-04-29","17"
3,"hossegor",2025-04-29 16:00:00,1.58400007523596,"2025-04-29 18:00:00 CEST","2025-04-29","18"
3,"hossegor",2025-04-29 17:00:00,1.34400006383657,"2025-04-29 19:00:00 CEST","2025-04-29","19"
3,"hossegor",2025-04-29 18:00:00,0.6670000316808,"2025-04-29 20:00:00 CEST","2025-04-29","20"
3,"hossegor",2025-04-29 19:00:00,-0.317000015056692,"2025-04-29 21:00:00 CEST","2025-04-29","21"
3,"hossegor",2025-04-29 20:00:00,-1.36700006492902,"2025-04-29 22:00:00 CEST","2025-04-29","22"
3,"hossegor",2025-04-29 21:00:00,-2.14900010207202,"2025-04-29 23:00:00 CEST","2025-04-29","23"
3,"hossegor",2025-04-29 22:00:00,-2.46300011698622,"2025-04-30 00:00:00 CEST","2025-04-30","00"
3,"hossegor",2025-04-29 23:00:00,-2.26300010748673,"2025-04-30 01:00:00 CEST","2025-04-30","01"
3,"hossegor",2025-04-30,-1.62800007732585,"2025-04-30 02:00:00 CEST","2025-04-30","02"
3,"hossegor",2025-04-30 01:00:00,-0.71000003372319,"2025-04-30 03:00:00 CEST","2025-04-30","03"
3,"hossegor",2025-04-30 02:00:00,0.25500001211185,"2025-04-30 04:00:00 CEST","2025-04-30","04"
3,"hossegor",2025-04-30 03:00:00,1.0210000484949,"2025-04-30 05:00:00 CEST","2025-04-30","05"
3,"hossegor",2025-04-30 04:00:00,1.42800006782636,"2025-04-30 06:00:00 CEST","2025-04-30","06"
3,"hossegor",2025-04-30 05:00:00,1.39000006602146,"2025-04-30 07:00:00 CEST","2025-04-30","07"
3,"hossegor",2025-04-30 06:00:00,0.908000043127686,"2025-04-30 08:00:00 CEST","2025-04-30","08"
3,"hossegor",2025-04-30 07:00:00,0.0850000040372834,"2025-04-30 09:00:00 CEST","2025-04-30","09"
3,"hossegor",2025-04-30 08:00:00,-0.893000042415224,"2025-04-30 10:00:00 CEST","2025-04-30","10"
3,"hossegor",2025-04-30 09:00:00,-1.72900008212309,"2025-04-30 11:00:00 CEST","2025-04-30","11"
3,"hossegor",2025-04-30 10:00:00,-2.18100010359194,"2025-04-30 12:00:00 CEST","2025-04-30","12"
3,"hossegor",2025-04-30 11:00:00,-2.14000010164455,"2025-04-30 13:00:00 CEST","2025-04-30","13"
3,"hossegor",2025-04-30 12:00:00,-1.66200007894076,"2025-04-30 14:00:00 CEST","2025-04-30","14"
3,"hossegor",2025-04-30 13:00:00,-0.866000041132793,"2025-04-30 15:00:00 CEST","2025-04-30","15"
3,"hossegor",2025-04-30 14:00:00,0.0560000026598573,"2025-04-30 16:00:00 CEST","2025-04-30","16"
3,"hossegor",2025-04-30 15:00:00,0.866000041132793,"2025-04-30 17:00:00 CEST","2025-04-30","17"
3,"hossegor",2025-04-30 16:00:00,1.35700006445404,"2025-04-30 18:00:00 CEST","2025-04-30","18"
3,"hossegor",2025-04-30 17:00:00,1.44700006872881,"2025-04-30 19:00:00 CEST","2025-04-30","19"
3,"hossegor",2025-04-30 18:00:00,1.09300005191471,"2025-04-30 20:00:00 CEST","2025-04-30","20"
3,"hossegor",2025-04-30 19:00:00,0.381000018096529,"2025-04-30 21:00:00 CEST","2025-04-30","21"
3,"hossegor",2025-04-30 20:00:00,-0.567000026931055,"2025-04-30 22:00:00 CEST","2025-04-30","22"
3,"hossegor",2025-04-30 21:00:00,-1.4890000707237,"2025-04-30 23:00:00 CEST","2025-04-30","23"
3,"hossegor",2025-04-30 22:00:00,-2.09800009964965,"2025-05-01 00:00:00 CEST","2025-05-01","00"
3,"hossegor",2025-04-30 23:00:00,-2.27200010791421,"2025-05-01 01:00:00 CEST","2025-05-01","01"
3,"hossegor",2025-05-01,-1.98500009428244,"2025-05-01 02:00:00 CEST","2025-05-01","02"
3,"hossegor",2025-05-01 01:00:00,-1.3340000633616,"2025-05-01 03:00:00 CEST","2025-05-01","03"
3,"hossegor",2025-05-01 02:00:00,-0.493000023416243,"2025-05-01 04:00:00 CEST","2025-05-01","04"
3,"hossegor",2025-05-01 03:00:00,0.347000016481616,"2025-05-01 05:00:00 CEST","2025-05-01","05"
3,"hossegor",2025-05-01 04:00:00,0.954000045312569,"2025-05-01 06:00:00 CEST","2025-05-01","06"
3,"hossegor",2025-05-01 05:00:00,1.22100005799439,"2025-05-01 07:00:00 CEST","2025-05-01","07"
3,"hossegor",2025-05-01 06:00:00,1.07900005124975,"2025-05-01 08:00:00 CEST","2025-05-01","08"
3,"hossegor",2025-05-01 07:00:00,0.570000027073547,"2025-05-01 09:00:00 CEST","2025-05-01","09"
3,"hossegor",2025-05-01 08:00:00,-0.207000009831972,"2025-05-01 10:00:00 CEST","2025-05-01","10"
3,"hossegor",2025-05-01 09:00:00,-1.0600000503473,"2025-05-01 11:00:00 CEST","2025-05-01","11"
3,"hossegor",2025-05-01 10:00:00,-1.71800008160062,"2025-05-01 12:00:00 CEST","2025-05-01","12"
3,"hossegor",2025-05-01 11:00:00,-1.99800009489991,"2025-05-01 13:00:00 CEST","2025-05-01","13"
3,"hossegor",2025-05-01 12:00:00,-1.84800008777529,"2025-05-01 14:00:00 CEST","2025-05-01","14"
3,"hossegor",2025-05-01 13:00:00,-1.3350000634091,"2025-05-01 15:00:00 CEST","2025-05-01","15"
3,"hossegor",2025-05-01 14:00:00,-0.589000027975999,"2025-05-01 16:00:00 CEST","2025-05-01","16"
3,"hossegor",2025-05-01 15:00:00,0.224000010639429,"2025-05-01 17:00:00 CEST","2025-05-01","17"
3,"hossegor",2025-05-01 16:00:00,0.87100004137028,"2025-05-01 18:00:00 CEST","2025-05-01","18"
3,"hossegor",2025-05-01 17:00:00,1.22300005808938,"2025-05-01 19:00:00 CEST","2025-05-01","19"
3,"hossegor",2025-05-01 18:00:00,1.20800005737692,"2025-05-01 20:00:00 CEST","2025-05-01","20"
3,"hossegor",2025-05-01 19:00:00,0.829000039375387,"2025-05-01 21:00:00 CEST","2025-05-01","21"
3,"hossegor",2025-05-01 20:00:00,0.14500000688713,"2025-05-01 22:00:00 CEST","2025-05-01","22"
3,"hossegor",2025-05-01 21:00:00,-0.71000003372319,"2025-05-01 23:00:00 CEST","2025-05-01","23"
3,"hossegor",2025-05-01 22:00:00,-1.47500007005874,"2025-05-02 00:00:00 CEST","2025-05-02","00"
3,"hossegor",2025-05-01 23:00:00,-1.94100009219255,"2025-05-02 01:00:00 CEST","2025-05-02","01"
3,"hossegor",2025-05-02,-2.01000009546988,"2025-05-02 02:00:00 CEST","2025-05-02","02"
3,"hossegor",2025-05-02 01:00:00,-1.69700008060317,"2025-05-02 03:00:00 CEST","2025-05-02","03"
3,"hossegor",2025-05-02 02:00:00,-1.1000000522472,"2025-05-02 04:00:00 CEST","2025-05-02","04"
3,"hossegor",2025-05-02 03:00:00,-0.362000017194077,"2025-05-02 05:00:00 CEST","2025-05-02","05"
3,"hossegor",2025-05-02 04:00:00,0.312000014819205,"2025-05-02 06:00:00 CEST","2025-05-02","06"
3,"hossegor",2025-05-02 05:00:00,0.771000036620535,"2025-05-02 07:00:00 CEST","2025-05-02","07"
3,"hossegor",2025-05-02 06:00:00,0.936000044457614,"2025-05-02 08:00:00 CEST","2025-05-02","08"
3,"hossegor",2025-05-02 07:00:00,0.779000037000515,"2025-05-02 09:00:00 CEST","2025-05-02","09"
3,"hossegor",2025-05-02 08:00:00,0.322000015294179,"2025-05-02 10:00:00 CEST","2025-05-02","10"
3,"hossegor",2025-05-02 09:00:00,-0.351000016671605,"2025-05-02 11:00:00 CEST","2025-05-02","11"
3,"hossegor",2025-05-02 10:00:00,-1.04200004949234,"2025-05-02 12:00:00 CEST","2025-05-02","12"
3,"hossegor",2025-05-02 11:00:00,-1.53500007290859,"2025-05-02 13:00:00 CEST","2025-05-02","13"
3,"hossegor",2025-05-02 12:00:00,-1.70500008098315,"2025-05-02 14:00:00 CEST","2025-05-02","14"
3,"hossegor",2025-05-02 13:00:00,-1.51900007214863,"2025-05-02 15:00:00 CEST","2025-05-02","15"
3,"hossegor",2025-05-02 14:00:00,-1.03800004930235,"2025-05-02 16:00:00 CEST","2025-05-02","16"
3,"hossegor",2025-05-02 15:00:00,-0.379000018001534,"2025-05-02 17:00:00 CEST","2025-05-02","17"
3,"hossegor",2025-05-02 16:00:00,0.273000012966804,"2025-05-02 18:00:00 CEST","2025-05-02","18"
3,"hossegor",2025-05-02 17:00:00,0.76500003633555,"2025-05-02 19:00:00 CEST","2025-05-02","19"
3,"hossegor",2025-05-02 18:00:00,1.00800004787743,"2025-05-02 20:00:00 CEST","2025-05-02","20"
3,"hossegor",2025-05-02 19:00:00,0.957000045455061,"2025-05-02 21:00:00 CEST","2025-05-02","21"
3,"hossegor",2025-05-02 20:00:00,0.613000029115938,"2025-05-02 22:00:00 CEST","2025-05-02","22"
3,"hossegor",2025-05-02 21:00:00,0.020000000949949,"2025-05-02 23:00:00 CEST","2025-05-02","23"
3,"hossegor",2025-05-02 22:00:00,-0.696000033058226,"2025-05-03 00:00:00 CEST","2025-05-03","00"
3,"hossegor",2025-05-02 23:00:00,-1.31700006255414,"2025-05-03 01:00:00 CEST","2025-05-03","01"
3,"hossegor",2025-05-03,-1.68400007998571,"2025-05-03 02:00:00 CEST","2025-05-03","02"
3,"hossegor",2025-05-03 01:00:00,-1.7280000820756,"2025-05-03 03:00:00 CEST","2025-05-03","03"
3,"hossegor",2025-05-03 02:00:00,-1.45700006920379,"2025-05-03 04:00:00 CEST","2025-05-03","04"
3,"hossegor",2025-05-03 03:00:00,-0.957000045455061,"2025-05-03 05:00:00 CEST","2025-05-03","05"
3,"hossegor",2025-05-03 04:00:00,-0.366000017384067,"2025-05-03 06:00:00 CEST","2025-05-03","06"
3,"hossegor",2025-05-03 05:00:00,0.166000007884577,"2025-05-03 07:00:00 CEST","2025-05-03","07"
3,"hossegor",2025-05-03 06:00:00,0.527000025031157,"2025-05-03 08:00:00 CEST","2025-05-03","08"
3,"hossegor",2025-05-03 07:00:00,0.65900003130082,"2025-05-03 09:00:00 CEST","2025-05-03","09"
3,"hossegor",2025-05-03 08:00:00,0.535000025411136,"2025-05-03 10:00:00 CEST","2025-05-03","10"
3,"hossegor",2025-05-03 09:00:00,0.169000008027069,"2025-05-03 11:00:00 CEST","2025-05-03","11"
3,"hossegor",2025-05-03 10:00:00,-0.359000017051585,"2025-05-03 12:00:00 CEST","2025-05-03","12"
3,"hossegor",2025-05-03 11:00:00,-0.894000042462721,"2025-05-03 13:00:00 CEST","2025-05-03","13"
3,"hossegor",2025-05-03 12:00:00,-1.27800006070174,"2025-05-03 14:00:00 CEST","2025-05-03","14"
3,"hossegor",2025-05-03 13:00:00,-1.40800006687641,"2025-05-03 15:00:00 CEST","2025-05-03","15"
3,"hossegor",2025-05-03 14:00:00,-1.25800005975179,"2025-05-03 16:00:00 CEST","2025-05-03","16"
3,"hossegor",2025-05-03 15:00:00,-0.870000041322783,"2025-05-03 17:00:00 CEST","2025-05-03","17"
3,"hossegor",2025-05-03 16:00:00,-0.335000015911646,"2025-05-03 18:00:00 CEST","2025-05-03","18"
3,"hossegor",2025-05-03 17:00:00,0.190000009024516,"2025-05-03 19:00:00 CEST","2025-05-03","19"
3,"hossegor",2025-05-03 18:00:00,0.595000028260984,"2025-05-03 20:00:00 CEST","2025-05-03","20"
3,"hossegor",2025-05-03 19:00:00,0.802000038092956,"2025-05-03 21:00:00 CEST","2025-05-03","21"
3,"hossegor",2025-05-03 20:00:00,0.776000036858022,"2025-05-03 22:00:00 CEST","2025-05-03","22"
3,"hossegor",2025-05-03 21:00:00,0.511000024271198,"2025-05-03 23:00:00 CEST","2025-05-03","23"
3,"hossegor",2025-05-03 22:00:00,0.0270000012824312,"2025-05-04 00:00:00 CEST","2025-05-04","00"
3,"hossegor",2025-05-03 23:00:00,-0.563000026741065,"2025-05-04 01:00:00 CEST","2025-05-04","01"
3,"hossegor",2025-05-04,-1.09300005191471,"2025-05-04 02:00:00 CEST","2025-05-04","02"
3,"hossegor",2025-05-04 01:00:00,-1.42600006773137,"2025-05-04 03:00:00 CEST","2025-05-04","03"
3,"hossegor",2025-05-04 02:00:00,-1.50300007138867,"2025-05-04 04:00:00 CEST","2025-05-04","04"
3,"hossegor",2025-05-04 03:00:00,-1.31800006260164,"2025-05-04 05:00:00 CEST","2025-05-04","05"
3,"hossegor",2025-05-04 04:00:00,-0.943000044790097,"2025-05-04 06:00:00 CEST","2025-05-04","06"
3,"hossegor",2025-05-04 05:00:00,-0.477000022656284,"2025-05-04 07:00:00 CEST","2025-05-04","07"
3,"hossegor",2025-05-04 06:00:00,-0.0370000017574057,"2025-05-04 08:00:00 CEST","2025-05-04","08"
3,"hossegor",2025-05-04 07:00:00,0.289000013726763,"2025-05-04 09:00:00 CEST","2025-05-04","09"
3,"hossegor",2025-05-04 08:00:00,0.449000021326356,"2025-05-04 10:00:00 CEST","2025-05-04","10"
3,"hossegor",2025-05-04 09:00:00,0.401000019046478,"2025-05-04 11:00:00 CEST","2025-05-04","11"
3,"hossegor",2025-05-04 10:00:00,0.146000006934628,"2025-05-04 12:00:00 CEST","2025-05-04","12"
3,"hossegor",2025-05-04 11:00:00,-0.270000012824312,"2025-05-04 13:00:00 CEST","2025-05-04","13"
3,"hossegor",2025-05-04 12:00:00,-0.724000034388155,"2025-05-04 14:00:00 CEST","2025-05-04","14"
3,"hossegor",2025-05-04 13:00:00,-1.06900005077478,"2025-05-04 15:00:00 CEST","2025-05-04","15"
3,"hossegor",2025-05-04 14:00:00,-1.22000005794689,"2025-05-04 16:00:00 CEST","2025-05-04","16"
3,"hossegor",2025-05-04 15:00:00,-1.14000005414709,"2025-05-04 17:00:00 CEST","2025-05-04","17"
3,"hossegor",2025-05-04 16:00:00,-0.856000040657818,"2025-05-04 18:00:00 CEST","2025-05-04","18"
3,"hossegor",2025-05-04 17:00:00,-0.436000020708889,"2025-05-04 19:00:00 CEST","2025-05-04","19"
3,"hossegor",2025-05-04 18:00:00,0.0100000004749745,"2025-05-04 20:00:00 CEST","2025-05-04","20"
3,"hossegor",2025-05-04 19:00:00,0.380000018049031,"2025-05-04 21:00:00 CEST","2025-05-04","21"
3,"hossegor",2025-05-04 20:00:00,0.610000028973445,"2025-05-04 22:00:00 CEST","2025-05-04","22"
3,"hossegor",2025-05-04 21:00:00,0.656000031158328,"2025-05-04 23:00:00 CEST","2025-05-04","23"
3,"hossegor",2025-05-04 22:00:00,0.492000023368746,"2025-05-05 00:00:00 CEST","2025-05-05","00"
3,"hossegor",2025-05-04 23:00:00,0.117000005557202,"2025-05-05 01:00:00 CEST","2025-05-05","01"
3,"hossegor",2025-05-05,-0.379000018001534,"2025-05-05 02:00:00 CEST","2025-05-05","02"
3,"hossegor",2025-05-05 01:00:00,-0.872000041417778,"2025-05-05 03:00:00 CEST","2025-05-05","03"
3,"hossegor",2025-05-05 02:00:00,-1.22800005832687,"2025-05-05 04:00:00 CEST","2025-05-05","04"
3,"hossegor",2025-05-05 03:00:00,-1.37100006511901,"2025-05-05 05:00:00 CEST","2025-05-05","05"
3,"hossegor",2025-05-05 04:00:00,-1.28700006112922,"2025-05-05 06:00:00 CEST","2025-05-05","06"
3,"hossegor",2025-05-05 05:00:00,-1.01200004806742,"2025-05-05 07:00:00 CEST","2025-05-05","07"
3,"hossegor",2025-05-05 06:00:00,-0.621000029495917,"2025-05-05 08:00:00 CEST","2025-05-05","08"
3,"hossegor",2025-05-05 07:00:00,-0.214000010164455,"2025-05-05 09:00:00 CEST","2025-05-05","09"
3,"hossegor",2025-05-05 08:00:00,0.133000006317161,"2025-05-05 10:00:00 CEST","2025-05-05","10"
3,"hossegor",2025-05-05 09:00:00,0.351000016671605,"2025-05-05 11:00:00 CEST","2025-05-05","11"
3,"hossegor",2025-05-05 10:00:00,0.394000018713996,"2025-05-05 12:00:00 CEST","2025-05-05","12"
3,"hossegor",2025-05-05 11:00:00,0.227000010781921,"2025-05-05 13:00:00 CEST","2025-05-05","13"
3,"hossegor",2025-05-05 12:00:00,-0.121000005747192,"2025-05-05 14:00:00 CEST","2025-05-05","14"
3,"hossegor",2025-05-05 13:00:00,-0.540000025648624,"2025-05-05 15:00:00 CEST","2025-05-05","15"
3,"hossegor",2025-05-05 14:00:00,-0.907000043080188,"2025-05-05 16:00:00 CEST","2025-05-05","16"
3,"hossegor",2025-05-05 15:00:00,-1.11400005291216,"2025-05-05 17:00:00 CEST","2025-05-05","17"
3,"hossegor",2025-05-05 16:00:00,-1.11700005305465,"2025-05-05 18:00:00 CEST","2025-05-05","18"
3,"hossegor",2025-05-05 17:00:00,-0.916000043507665,"2025-05-05 19:00:00 CEST","2025-05-05","19"
3,"hossegor",2025-05-05 18:00:00,-0.560000026598573,"2025-05-05 20:00:00 CEST","2025-05-05","20"
3,"hossegor",2025-05-05 19:00:00,-0.14500000688713,"2025-05-05 21:00:00 CEST","2025-05-05","21"
3,"hossegor",2025-05-05 20:00:00,0.249000011826865,"2025-05-05 22:00:00 CEST","2025-05-05","22"
3,"hossegor",2025-05-05 21:00:00,0.548000026028603,"2025-05-05 23:00:00 CEST","2025-05-05","23"
3,"hossegor",2025-05-05 22:00:00,0.683000032440759,"2025-05-06 00:00:00 CEST","2025-05-06","00"
3,"hossegor",2025-05-05 23:00:00,0.602000028593466,"2025-05-06 01:00:00 CEST","2025-05-06","01"
3,"hossegor",2025-05-06,0.290000013774261,"2025-05-06 02:00:00 CEST","2025-05-06","02"
3,"hossegor",2025-05-06 01:00:00,-0.195000009262003,"2025-05-06 03:00:00 CEST","2025-05-06","03"
3,"hossegor",2025-05-06 02:00:00,-0.712000033818185,"2025-05-06 04:00:00 CEST","2025-05-06","04"
3,"hossegor",2025-05-06 03:00:00,-1.12400005338714,"2025-05-06 05:00:00 CEST","2025-05-06","05"
3,"hossegor",2025-05-06 04:00:00,-1.34600006393157,"2025-05-06 06:00:00 CEST","2025-05-06","06"
3,"hossegor",2025-05-06 05:00:00,-1.33600006345659,"2025-05-06 07:00:00 CEST","2025-05-06","07"
3,"hossegor",2025-05-06 06:00:00,-1.11200005281717,"2025-05-06 08:00:00 CEST","2025-05-06","08"
3,"hossegor",2025-05-06 07:00:00,-0.735000034910627,"2025-05-06 09:00:00 CEST","2025-05-06","09"
3,"hossegor",2025-05-06 08:00:00,-0.296000014059246,"2025-05-06 10:00:00 CEST","2025-05-06","10"
3,"hossegor",2025-05-06 09:00:00,0.114000005414709,"2025-05-06 11:00:00 CEST","2025-05-06","11"
3,"hossegor",2025-05-06 10:00:00,0.414000019663945,"2025-05-06 12:00:00 CEST","2025-05-06","12"
3,"hossegor",2025-05-06 11:00:00,0.524000024888664,"2025-05-06 13:00:00 CEST","2025-05-06","13"
3,"hossegor",2025-05-06 12:00:00,0.399000018951483,"2025-05-06 14:00:00 CEST","2025-05-06","14"
3,"hossegor",2025-05-06 13:00:00,0.0610000028973445,"2025-05-06 15:00:00 CEST","2025-05-06","15"
3,"hossegor",2025-05-06 14:00:00,-0.398000018903986,"2025-05-06 16:00:00 CEST","2025-05-06","16"
3,"hossegor",2025-05-06 15:00:00,-0.833000039565377,"2025-05-06 17:00:00 CEST","2025-05-06","17"
3,"hossegor",2025-05-06 16:00:00,-1.12200005329214,"2025-05-06 18:00:00 CEST","2025-05-06","18"
3,"hossegor",2025-05-06 17:00:00,-1.19000005652197,"2025-05-06 19:00:00 CEST","2025-05-06","19"
3,"hossegor",2025-05-06 18:00:00,-1.03000004892237,"2025-05-06 20:00:00 CEST","2025-05-06","20"
3,"hossegor",2025-05-06 19:00:00,-0.686000032583252,"2025-05-06 21:00:00 CEST","2025-05-06","21"
3,"hossegor",2025-05-06 20:00:00,-0.237000011256896,"2025-05-06 22:00:00 CEST","2025-05-06","22"
3,"hossegor",2025-05-06 21:00:00,0.221000010496937,"2025-05-06 23:00:00 CEST","2025-05-06","23"
3,"hossegor",2025-05-06 22:00:00,0.598000028403476,"2025-05-07 00:00:00 CEST","2025-05-07","00"
3,"hossegor",2025-05-06 23:00:00,0.791000037570484,"2025-05-07 01:00:00 CEST","2025-05-07","01"
3,"hossegor",2025-05-07,0.734000034863129,"2025-05-07 02:00:00 CEST","2025-05-07","02"
3,"hossegor",2025-05-07 01:00:00,0.419000019901432,"2025-05-07 03:00:00 CEST","2025-05-07","03"
3,"hossegor",2025-05-07 02:00:00,-0.108000005129725,"2025-05-07 04:00:00 CEST","2025-05-07","04"
3,"hossegor",2025-05-07 03:00:00,-0.685000032535754,"2025-05-07 05:00:00 CEST","2025-05-07","05"
3,"hossegor",2025-05-07 04:00:00,-1.16700005542953,"2025-05-07 06:00:00 CEST","2025-05-07","06"
3,"hossegor",2025-05-07 05:00:00,-1.43600006820634,"2025-05-07 07:00:00 CEST","2025-05-07","07"
3,"hossegor",2025-05-07 06:00:00,-1.44300006853882,"2025-05-07 08:00:00 CEST","2025-05-07","08"
3,"hossegor",2025-05-07 07:00:00,-1.20800005737692,"2025-05-07 09:00:00 CEST","2025-05-07","09"
3,"hossegor",2025-05-07 08:00:00,-0.792000037617981,"2025-05-07 10:00:00 CEST","2025-05-07","10"
3,"hossegor",2025-05-07 09:00:00,-0.288000013679266,"2025-05-07 11:00:00 CEST","2025-05-07","11"
3,"hossegor",2025-05-07 10:00:00,0.197000009356998,"2025-05-07 12:00:00 CEST","2025-05-07","12"
3,"hossegor",2025-05-07 11:00:00,0.549000026076101,"2025-05-07 13:00:00 CEST","2025-05-07","13"
3,"hossegor",2025-05-07 12:00:00,0.67100003187079,"2025-05-07 14:00:00 CEST","2025-05-07","14"
3,"hossegor",2025-05-07 13:00:00,0.523000024841167,"2025-05-07 15:00:00 CEST","2025-05-07","15"
3,"hossegor",2025-05-07 14:00:00,0.122000005794689,"2025-05-07 16:00:00 CEST","2025-05-07","16"
3,"hossegor",2025-05-07 15:00:00,-0.422000020043924,"2025-05-07 17:00:00 CEST","2025-05-07","17"
3,"hossegor",2025-05-07 16:00:00,-0.942000044742599,"2025-05-07 18:00:00 CEST","2025-05-07","18"
3,"hossegor",2025-05-07 17:00:00,-1.28200006089173,"2025-05-07 19:00:00 CEST","2025-05-07","19"
3,"hossegor",2025-05-07 18:00:00,-1.36400006478652,"2025-05-07 20:00:00 CEST","2025-05-07","20"
3,"hossegor",2025-05-07 19:00:00,-1.18700005637947,"2025-05-07 21:00:00 CEST","2025-05-07","21"
3,"hossegor",2025-05-07 20:00:00,-0.796000037807971,"2025-05-07 22:00:00 CEST","2025-05-07","22"
3,"hossegor",2025-05-07 21:00:00,-0.276000013109297,"2025-05-07 23:00:00 CEST","2025-05-07","23"
3,"hossegor",2025-05-07 22:00:00,0.25900001230184,"2025-05-08 00:00:00 CEST","2025-05-08","00"
3,"hossegor",2025-05-07 23:00:00,0.685000032535754,"2025-05-08 01:00:00 CEST","2025-05-08","01"
